student_reg_no,course_code,created_at,updated_at,is_regular
THAPAECR01,STA1CJ101,2025-03-24T18:40:20.098+00,2025-03-24T18:40:20.098+00,true
THAPAECR01,PHY1MN101,2025-03-24T18:40:20.098+00,2025-03-24T18:40:20.098+00,true
THAPAECR01,STA1FM105,2025-03-24T18:40:20.098+00,2025-03-24T18:40:20.098+00,false
THAPAECR02,STA1CJ101,2025-03-24T18:40:20.098+00,2025-03-24T18:40:20.098+00,true
THAPAECR02,PHY1MN101,2025-03-24T18:40:20.098+00,2025-03-24T18:40:20.098+00,true
THAPAECR02,PHY1FM105,2025-03-24T18:40:20.098+00,2025-03-24T18:40:20.098+00,true
THAPAECR03,STA1CJ101,2025-03-24T18:40:20.098+00,2025-03-24T18:40:20.098+00,true
THAPAECR03,PHY1MN101,2025-03-24T18:40:20.098+00,2025-03-24T18:40:20.098+00,true
THAPAECR03,CHE1FM105,2025-03-24T18:40:20.098+00,2025-03-24T18:40:20.098+00,true
THAPAECR04,STA1CJ101,2025-03-24T18:40:20.098+00,2025-03-24T18:40:20.098+00,true
THAPAECR04,PHY1MN101,2025-03-24T18:40:20.098+00,2025-03-24T18:40:20.098+00,true
THAPAECR04,ELE1FM105,2025-03-24T18:40:20.098+00,2025-03-24T18:40:20.098+00,true
THAPAECR05,STA1CJ101,2025-03-24T18:40:20.098+00,2025-03-24T18:40:20.098+00,true
THAPAECR05,PHY1MN101,2025-03-24T18:40:20.098+00,2025-03-24T18:40:20.098+00,true
THAPAECR05,CSC1FM105,2025-03-24T18:40:20.098+00,2025-03-24T18:40:20.098+00,true
THAPAECR06,STA1CJ101,2025-03-24T18:40:20.098+00,2025-03-24T18:40:20.098+00,true
THAPAECR06,PHY1MN101,2025-03-24T18:40:20.098+00,2025-03-24T18:40:20.098+00,true
THAPAECR06,MAT1FM105,2025-03-24T18:40:20.098+00,2025-03-24T18:40:20.098+00,true
THAPAECR07,STA1CJ101,2025-03-24T18:40:20.098+00,2025-03-24T18:40:20.098+00,true
THAPAECR07,PHY1MN101,2025-03-24T18:40:20.098+00,2025-03-24T18:40:20.098+00,true
THAPAECR07,ECO1FM105,2025-03-24T18:40:20.098+00,2025-03-24T18:40:20.098+00,true
THAPAECR08,STA1CJ101,2025-03-24T18:40:20.098+00,2025-03-24T18:40:20.098+00,true
THAPAECR08,PHY1MN101,2025-03-24T18:40:20.098+00,2025-03-24T18:40:20.098+00,true
THAPAECR08,BCA1FM105,2025-03-24T18:40:20.098+00,2025-03-24T18:40:20.098+00,true
THAPAECR09,STA1CJ101,2025-03-24T18:40:20.098+00,2025-03-24T18:40:20.098+00,true
THAPAECR09,PHY1MN101,2025-03-24T18:40:20.098+00,2025-03-24T18:40:20.098+00,true
THAPAECR09,STA1FM105,2025-03-24T18:40:20.098+00,2025-03-24T18:40:20.098+00,true
THAPAECR10,STA1CJ101,2025-03-24T18:40:20.098+00,2025-03-24T18:40:20.098+00,true
THAPAECR10,PHY1MN101,2025-03-24T18:40:20.098+00,2025-03-24T18:40:20.098+00,true
THAPAECR10,PHY1FM105,2025-03-24T18:40:20.098+00,2025-03-24T18:40:20.098+00,true
THAPAECR12,STA1CJ101,2025-03-24T18:40:20.098+00,2025-03-24T18:40:20.098+00,true
THAPAECR12,PHY1MN101,2025-03-24T18:40:20.098+00,2025-03-24T18:40:20.098+00,true
THAPAECR12,CHE1FM105,2025-03-24T18:40:20.098+00,2025-03-24T18:40:20.098+00,true
THAPAECR14,STA1CJ101,2025-03-24T18:40:20.098+00,2025-03-24T18:40:20.098+00,true
THAPAECR14,PHY1MN101,2025-03-24T18:40:20.098+00,2025-03-24T18:40:20.098+00,true
THAPAECR14,ELE1FM105,2025-03-24T18:40:20.098+00,2025-03-24T18:40:20.098+00,true
THAPAECR15,STA1CJ101,2025-03-24T18:40:20.098+00,2025-03-24T18:40:20.098+00,true
THAPAECR15,PHY1MN101,2025-03-24T18:40:20.098+00,2025-03-24T18:40:20.098+00,true
THAPAECR15,CSC1FM105,2025-03-24T18:40:20.098+00,2025-03-24T18:40:20.098+00,true
THAPAECR16,STA1CJ101,2025-03-24T18:40:20.098+00,2025-03-24T18:40:20.098+00,true
THAPAECR16,PHY1MN101,2025-03-24T18:40:20.098+00,2025-03-24T18:40:20.098+00,true
THAPAECR16,MAT1FM105,2025-03-24T18:40:20.098+00,2025-03-24T18:40:20.098+00,true
THAPAECR17,STA1CJ101,2025-03-24T18:40:20.098+00,2025-03-24T18:40:20.098+00,true
THAPAECR17,PHY1MN101,2025-03-24T18:40:20.098+00,2025-03-24T18:40:20.098+00,true
THAPAECR17,ECO1FM105,2025-03-24T18:40:20.098+00,2025-03-24T18:40:20.098+00,true
THAPAECR18,STA1CJ101,2025-03-24T18:40:20.098+00,2025-03-24T18:40:20.098+00,true
THAPAECR18,PHY1MN101,2025-03-24T18:40:20.098+00,2025-03-24T18:40:20.098+00,true
THAPAECR18,BCA1FM105,2025-03-24T18:40:20.098+00,2025-03-24T18:40:20.098+00,true
THAPAECR19,STA1CJ101,2025-03-24T18:40:20.098+00,2025-03-24T18:40:20.098+00,true
THAPAECR19,PHY1MN101,2025-03-24T18:40:20.098+00,2025-03-24T18:40:20.098+00,true
THAPAECR19,STA1FM105,2025-03-24T18:40:20.098+00,2025-03-24T18:40:20.098+00,true
THAPAECR21,STA1CJ101,2025-03-24T18:40:20.098+00,2025-03-24T18:40:20.098+00,true
THAPAECR21,PHY1MN101,2025-03-24T18:40:20.098+00,2025-03-24T18:40:20.098+00,true
THAPAECR21,PHY1FM105,2025-03-24T18:40:20.098+00,2025-03-24T18:40:20.098+00,true
THAPAECR22,STA1CJ101,2025-03-24T18:40:20.098+00,2025-03-24T18:40:20.098+00,true
THAPAECR22,PHY1MN101,2025-03-24T18:40:20.098+00,2025-03-24T18:40:20.098+00,true
THAPAECR22,CHE1FM105,2025-03-24T18:40:20.098+00,2025-03-24T18:40:20.098+00,true
THAPAECR23,STA1CJ101,2025-03-24T18:40:20.098+00,2025-03-24T18:40:20.098+00,true
THAPAECR23,PHY1MN101,2025-03-24T18:40:20.098+00,2025-03-24T18:40:20.098+00,true
THAPAECR23,ELE1FM105,2025-03-24T18:40:20.098+00,2025-03-24T18:40:20.098+00,true
THAPAECR24,STA1CJ101,2025-03-24T18:40:20.098+00,2025-03-24T18:40:20.098+00,true
THAPAECR24,PHY1MN101,2025-03-24T18:40:20.098+00,2025-03-24T18:40:20.098+00,true
THAPAECR24,CSC1FM105,2025-03-24T18:40:20.098+00,2025-03-24T18:40:20.098+00,true
THAPAECR25,STA1CJ101,2025-03-24T18:40:20.098+00,2025-03-24T18:40:20.098+00,true
THAPAECR25,PHY1MN101,2025-03-24T18:40:20.098+00,2025-03-24T18:40:20.098+00,true
THAPAECR25,MAT1FM105,2025-03-24T18:40:20.098+00,2025-03-24T18:40:20.098+00,true
THAPAECR26,STA1CJ101,2025-03-24T18:40:20.098+00,2025-03-24T18:40:20.098+00,true
THAPAECR26,PHY1MN101,2025-03-24T18:40:20.098+00,2025-03-24T18:40:20.098+00,true
THAPAECR26,ECO1FM105,2025-03-24T18:40:20.098+00,2025-03-24T18:40:20.098+00,true
THAPAECR27,STA1CJ101,2025-03-24T18:40:20.098+00,2025-03-24T18:40:20.098+00,true
THAPAECR27,CHE1MN101,2025-03-24T18:40:20.098+00,2025-03-24T18:40:20.098+00,true
THAPAECR27,BCA1FM105,2025-03-24T18:40:20.098+00,2025-03-24T18:40:20.098+00,true
THAPAECR28,STA1CJ101,2025-03-24T18:40:20.098+00,2025-03-24T18:40:20.098+00,true
THAPAECR28,CHE1MN101,2025-03-24T18:40:20.098+00,2025-03-24T18:40:20.098+00,true
THAPAECR28,STA1FM105,2025-03-24T18:40:20.098+00,2025-03-24T18:40:20.098+00,true
THAPAECR29,STA1CJ101,2025-03-24T18:40:20.098+00,2025-03-24T18:40:20.098+00,true
THAPAECR29,CHE1MN101,2025-03-24T18:40:20.098+00,2025-03-24T18:40:20.098+00,true
THAPAECR29,PHY1FM105,2025-03-24T18:40:20.098+00,2025-03-24T18:40:20.098+00,true
THAPAECR30,STA1CJ101,2025-03-24T18:40:20.098+00,2025-03-24T18:40:20.098+00,true
THAPAECR30,CHE1MN101,2025-03-24T18:40:20.098+00,2025-03-24T18:40:20.098+00,true
THAPAECR30,CHE1FM105,2025-03-24T18:40:20.098+00,2025-03-24T18:40:20.098+00,true
THAPAECR32,STA1CJ101,2025-03-24T18:40:20.098+00,2025-03-24T18:40:20.098+00,true
THAPAECR32,CHE1MN101,2025-03-24T18:40:20.098+00,2025-03-24T18:40:20.098+00,true
THAPAECR32,ELE1FM105,2025-03-24T18:40:20.098+00,2025-03-24T18:40:20.098+00,true
THAPAECR34,STA1CJ101,2025-03-24T18:40:20.098+00,2025-03-24T18:40:20.098+00,true
THAPAECR34,CHE1MN101,2025-03-24T18:40:20.098+00,2025-03-24T18:40:20.098+00,true
THAPAECR34,CSC1FM105,2025-03-24T18:40:20.098+00,2025-03-24T18:40:20.098+00,true
THAPAECR35,STA1CJ101,2025-03-24T18:40:20.098+00,2025-03-24T18:40:20.098+00,true
THAPAECR35,CHE1MN101,2025-03-24T18:40:20.098+00,2025-03-24T18:40:20.098+00,true
THAPAECR35,MAT1FM105,2025-03-24T18:40:20.098+00,2025-03-24T18:40:20.098+00,true
THAPAECR38,STA1CJ101,2025-03-24T18:40:20.098+00,2025-03-24T18:40:20.098+00,true
THAPAECR38,CHE1MN101,2025-03-24T18:40:20.098+00,2025-03-24T18:40:20.098+00,true
THAPAECR38,ECO1FM105,2025-03-24T18:40:20.098+00,2025-03-24T18:40:20.098+00,true
THAPAECR40,STA1CJ101,2025-03-24T18:40:20.098+00,2025-03-24T18:40:20.098+00,true
THAPAECR40,CHE1MN101,2025-03-24T18:40:20.098+00,2025-03-24T18:40:20.098+00,true
THAPAECR40,BCA1FM105,2025-03-24T18:40:20.098+00,2025-03-24T18:40:20.098+00,true
THAPAECR41,STA1CJ101,2025-03-24T18:40:20.098+00,2025-03-24T18:40:20.098+00,true
THAPAECR41,CHE1MN101,2025-03-24T18:40:20.098+00,2025-03-24T18:40:20.098+00,true
THAPAECR41,STA1FM105,2025-03-24T18:40:20.098+00,2025-03-24T18:40:20.098+00,true
THAPAECR42,STA1CJ101,2025-03-24T18:40:20.098+00,2025-03-24T18:40:20.098+00,true
THAPAECR42,CHE1MN101,2025-03-24T18:40:20.098+00,2025-03-24T18:40:20.098+00,true
THAPAECR42,PHY1FM105,2025-03-24T18:40:20.098+00,2025-03-24T18:40:20.098+00,true
THAPAECR43,STA1CJ101,2025-03-24T18:40:20.098+00,2025-03-24T18:40:20.098+00,true
THAPAECR43,CHE1MN101,2025-03-24T18:40:20.098+00,2025-03-24T18:40:20.098+00,true
THAPAECR43,CHE1FM105,2025-03-24T18:40:20.098+00,2025-03-24T18:40:20.098+00,true
THAPAECR44,STA1CJ101,2025-03-24T18:40:20.098+00,2025-03-24T18:40:20.098+00,true
THAPAECR44,CHE1MN101,2025-03-24T18:40:20.098+00,2025-03-24T18:40:20.098+00,true
THAPAECR44,ELE1FM105,2025-03-24T18:40:20.098+00,2025-03-24T18:40:20.098+00,true
THAPAECR45,STA1CJ101,2025-03-24T18:40:20.098+00,2025-03-24T18:40:20.098+00,true
THAPAECR45,CHE1MN101,2025-03-24T18:40:20.098+00,2025-03-24T18:40:20.098+00,true
THAPAECR45,CSC1FM105,2025-03-24T18:40:20.098+00,2025-03-24T18:40:20.098+00,true
THAPAECR48,STA1CJ101,2025-03-24T18:40:20.098+00,2025-03-24T18:40:20.098+00,true
THAPAECR48,CHE1MN101,2025-03-24T18:40:20.098+00,2025-03-24T18:40:20.098+00,true
THAPAECR48,MAT1FM105,2025-03-24T18:40:20.098+00,2025-03-24T18:40:20.098+00,true
THAPAECR49,STA1CJ101,2025-03-24T18:40:20.098+00,2025-03-24T18:40:20.098+00,true
THAPAECR49,CHE1MN101,2025-03-24T18:40:20.098+00,2025-03-24T18:40:20.098+00,true
THAPAECR49,ECO1FM105,2025-03-24T18:40:20.098+00,2025-03-24T18:40:20.098+00,true
THAPAECR50,STA1CJ101,2025-03-24T18:40:20.098+00,2025-03-24T18:40:20.098+00,true
THAPAECR50,CHE1MN101,2025-03-24T18:40:20.098+00,2025-03-24T18:40:20.098+00,true
THAPAECR50,BCA1FM105,2025-03-24T18:40:20.098+00,2025-03-24T18:40:20.098+00,true
THAPAECR54,STA1CJ101,2025-03-24T18:40:20.098+00,2025-03-24T18:40:20.098+00,true
THAPAECR54,CHE1MN101,2025-03-24T18:40:20.098+00,2025-03-24T18:40:20.098+00,true
THAPAECR54,STA1FM105,2025-03-24T18:40:20.098+00,2025-03-24T18:40:20.098+00,true
THAPAECR56,STA1CJ101,2025-03-24T18:40:20.098+00,2025-03-24T18:40:20.098+00,true
THAPAECR56,CHE1MN101,2025-03-24T18:40:20.098+00,2025-03-24T18:40:20.098+00,true
THAPAECR56,PHY1FM105,2025-03-24T18:40:20.098+00,2025-03-24T18:40:20.098+00,true
THAPAECR57,STA1CJ101,2025-03-24T18:40:20.098+00,2025-03-24T18:40:20.098+00,true
THAPAECR57,CHE1MN101,2025-03-24T18:40:20.098+00,2025-03-24T18:40:20.098+00,true
THAPAECR57,CHE1FM105,2025-03-24T18:40:20.098+00,2025-03-24T18:40:20.098+00,false
THAPAECR58,STA1CJ101,2025-03-24T18:40:20.098+00,2025-03-24T18:40:20.098+00,true
THAPAECR58,CHE1MN101,2025-03-24T18:40:20.098+00,2025-03-24T18:40:20.098+00,true
THAPAECR58,ELE1FM105,2025-03-24T18:40:20.098+00,2025-03-24T18:40:20.098+00,true
THAPAECR59,STA1CJ101,2025-03-24T18:40:20.098+00,2025-03-24T18:40:20.098+00,true
THAPAECR59,CHE1MN101,2025-03-24T18:40:20.098+00,2025-03-24T18:40:20.098+00,true
THAPAECR59,CSC1FM105,2025-03-24T18:40:20.098+00,2025-03-24T18:40:20.098+00,true
THAPAECR61,STA1CJ101,2025-03-24T18:40:20.098+00,2025-03-24T18:40:20.098+00,true
THAPAECR61,CHE1MN101,2025-03-24T18:40:20.098+00,2025-03-24T18:40:20.098+00,true
THAPAECR61,MAT1FM105,2025-03-24T18:40:20.098+00,2025-03-24T18:40:20.098+00,true
THAPADER02,PHY1CJ101,2025-03-24T18:40:20.098+00,2025-03-24T18:40:20.098+00,true
THAPADER02,ELE1MN101,2025-03-24T18:40:20.098+00,2025-03-24T18:40:20.098+00,true
THAPADER02,BCA1FM105,2025-03-24T18:40:20.098+00,2025-03-24T18:40:20.098+00,true
THAPADER03,PHY1CJ101,2025-03-24T18:40:20.098+00,2025-03-24T18:40:20.098+00,true
THAPADER03,ELE1MN101,2025-03-24T18:40:20.098+00,2025-03-24T18:40:20.098+00,true
THAPADER03,STA1FM105,2025-03-24T18:40:20.098+00,2025-03-24T18:40:20.098+00,true
THAPADER04,PHY1CJ101,2025-03-24T18:40:20.098+00,2025-03-24T18:40:20.098+00,true
THAPADER04,ELE1MN101,2025-03-24T18:40:20.098+00,2025-03-24T18:40:20.098+00,true
THAPADER04,PHY1FM105,2025-03-24T18:40:20.098+00,2025-03-24T18:40:20.098+00,true
THAPADER05,PHY1CJ101,2025-03-24T18:40:20.098+00,2025-03-24T18:40:20.098+00,true
THAPADER05,ELE1MN101,2025-03-24T18:40:20.098+00,2025-03-24T18:40:20.098+00,true
THAPADER05,CHE1FM105,2025-03-24T18:40:20.098+00,2025-03-24T18:40:20.098+00,true
THAPADER06,PHY1CJ101,2025-03-24T18:40:20.098+00,2025-03-24T18:40:20.098+00,true
THAPADER06,ELE1MN101,2025-03-24T18:40:20.098+00,2025-03-24T18:40:20.098+00,true
THAPADER06,ELE1FM105,2025-03-24T18:40:20.098+00,2025-03-24T18:40:20.098+00,true
THAPADER07,PHY1CJ101,2025-03-24T18:40:20.098+00,2025-03-24T18:40:20.098+00,true
THAPADER07,ELE1MN101,2025-03-24T18:40:20.098+00,2025-03-24T18:40:20.098+00,true
THAPADER07,CSC1FM105,2025-03-24T18:40:20.098+00,2025-03-24T18:40:20.098+00,true
THAPADER09,PHY1CJ101,2025-03-24T18:40:20.098+00,2025-03-24T18:40:20.098+00,true
THAPADER09,ELE1MN101,2025-03-24T18:40:20.098+00,2025-03-24T18:40:20.098+00,true
THAPADER09,MAT1FM105,2025-03-24T18:40:20.098+00,2025-03-24T18:40:20.098+00,true
THAPADER11,PHY1CJ101,2025-03-24T18:40:20.098+00,2025-03-24T18:40:20.098+00,true
THAPADER11,ELE1MN101,2025-03-24T18:40:20.098+00,2025-03-24T18:40:20.098+00,true
THAPADER11,ECO1FM105,2025-03-24T18:40:20.098+00,2025-03-24T18:40:20.098+00,true
THAPADER12,PHY1CJ101,2025-03-24T18:40:20.098+00,2025-03-24T18:40:20.098+00,true
THAPADER12,ELE1MN101,2025-03-24T18:40:20.098+00,2025-03-24T18:40:20.098+00,true
THAPADER12,BCA1FM105,2025-03-24T18:40:20.098+00,2025-03-24T18:40:20.098+00,true
THAPADER13,PHY1CJ101,2025-03-24T18:40:20.098+00,2025-03-24T18:40:20.098+00,true
THAPADER13,ELE1MN101,2025-03-24T18:40:20.098+00,2025-03-24T18:40:20.098+00,true
THAPADER13,BCA1FM105,2025-03-24T18:40:20.098+00,2025-03-24T18:40:20.098+00,true
THAPADER16,PHY1CJ101,2025-03-24T18:40:20.098+00,2025-03-24T18:40:20.098+00,true
THAPADER16,ELE1MN101,2025-03-24T18:40:20.098+00,2025-03-24T18:40:20.098+00,true
THAPADER16,STA1FM105,2025-03-24T18:40:20.098+00,2025-03-24T18:40:20.098+00,true
THAPADER17,PHY1CJ101,2025-03-24T18:40:20.098+00,2025-03-24T18:40:20.098+00,true
THAPADER17,ELE1MN101,2025-03-24T18:40:20.098+00,2025-03-24T18:40:20.098+00,true
THAPADER17,PHY1FM105,2025-03-24T18:40:20.098+00,2025-03-24T18:40:20.098+00,true
THAPADER18,PHY1CJ101,2025-03-24T18:40:20.098+00,2025-03-24T18:40:20.098+00,true
THAPADER18,ELE1MN101,2025-03-24T18:40:20.098+00,2025-03-24T18:40:20.098+00,true
THAPADER18,CHE1FM105,2025-03-24T18:40:20.098+00,2025-03-24T18:40:20.098+00,true
THAPADER19,PHY1CJ101,2025-03-24T18:40:20.098+00,2025-03-24T18:40:20.098+00,true
THAPADER19,ELE1MN101,2025-03-24T18:40:20.098+00,2025-03-24T18:40:20.098+00,true
THAPADER19,ELE1FM105,2025-03-24T18:40:20.098+00,2025-03-24T18:40:20.098+00,true
THAPADER20,PHY1CJ101,2025-03-24T18:40:20.098+00,2025-03-24T18:40:20.098+00,true
THAPADER20,ELE1MN101,2025-03-24T18:40:20.098+00,2025-03-24T18:40:20.098+00,true
THAPADER20,CSC1FM105,2025-03-24T18:40:20.098+00,2025-03-24T18:40:20.098+00,true
THAPADER21,PHY1CJ101,2025-03-24T18:40:20.098+00,2025-03-24T18:40:20.098+00,true
THAPADER21,ELE1MN101,2025-03-24T18:40:20.098+00,2025-03-24T18:40:20.098+00,true
THAPADER21,MAT1FM105,2025-03-24T18:40:20.098+00,2025-03-24T18:40:20.098+00,true
THAPADER22,PHY1CJ101,2025-03-24T18:40:20.098+00,2025-03-24T18:40:20.098+00,true
THAPADER22,ELE1MN101,2025-03-24T18:40:20.098+00,2025-03-24T18:40:20.098+00,true
THAPADER22,ECO1FM105,2025-03-24T18:40:20.098+00,2025-03-24T18:40:20.098+00,true
THAPADER23,PHY1CJ101,2025-03-24T18:40:20.098+00,2025-03-24T18:40:20.098+00,true
THAPADER23,ELE1MN101,2025-03-24T18:40:20.098+00,2025-03-24T18:40:20.098+00,true
THAPADER23,BCA1FM105,2025-03-24T18:40:20.098+00,2025-03-24T18:40:20.098+00,true
THAPADER24,PHY1CJ101,2025-03-24T18:40:20.098+00,2025-03-24T18:40:20.098+00,true
THAPADER24,ELE1MN101,2025-03-24T18:40:20.098+00,2025-03-24T18:40:20.098+00,true
THAPADER24,STA1FM105,2025-03-24T18:40:20.098+00,2025-03-24T18:40:20.098+00,true
THAPADER25,PHY1CJ101,2025-03-24T18:40:20.098+00,2025-03-24T18:40:20.098+00,true
THAPADER25,ELE1MN101,2025-03-24T18:40:20.098+00,2025-03-24T18:40:20.098+00,true
THAPADER25,PHY1FM105,2025-03-24T18:40:20.098+00,2025-03-24T18:40:20.098+00,true
THAPADER26,PHY1CJ101,2025-03-24T18:40:20.098+00,2025-03-24T18:40:20.098+00,true
THAPADER26,ELE1MN101,2025-03-24T18:40:20.098+00,2025-03-24T18:40:20.098+00,true
THAPADER26,CHE1FM105,2025-03-24T18:40:20.098+00,2025-03-24T18:40:20.098+00,true
THAPADER27,PHY1CJ101,2025-03-24T18:40:20.098+00,2025-03-24T18:40:20.098+00,true
THAPADER27,ELE1MN101,2025-03-24T18:40:20.098+00,2025-03-24T18:40:20.098+00,true
THAPADER27,ELE1FM105,2025-03-24T18:40:20.098+00,2025-03-24T18:40:20.098+00,true
THAPADER28,PHY1CJ101,2025-03-24T18:40:20.098+00,2025-03-24T18:40:20.098+00,true
THAPADER28,ELE1MN101,2025-03-24T18:40:20.098+00,2025-03-24T18:40:20.098+00,true
THAPADER28,CSC1FM105,2025-03-24T18:40:20.098+00,2025-03-24T18:40:20.098+00,true
THAPADER29,PHY1CJ101,2025-03-24T18:40:20.098+00,2025-03-24T18:40:20.098+00,true
THAPADER29,ELE1MN101,2025-03-24T18:40:20.098+00,2025-03-24T18:40:20.098+00,true
THAPADER29,MAT1FM105,2025-03-24T18:40:20.098+00,2025-03-24T18:40:20.098+00,true
THAPADER30,PHY1CJ101,2025-03-24T18:40:20.098+00,2025-03-24T18:40:20.098+00,true
THAPADER30,ELE1MN101,2025-03-24T18:40:20.098+00,2025-03-24T18:40:20.098+00,true
THAPADER30,ECO1FM105,2025-03-24T18:40:20.098+00,2025-03-24T18:40:20.098+00,true
THAPADER31,PHY1CJ101,2025-03-24T18:40:20.098+00,2025-03-24T18:40:20.098+00,true
THAPADER31,ELE1MN101,2025-03-24T18:40:20.098+00,2025-03-24T18:40:20.098+00,true
THAPADER31,BCA1FM105,2025-03-24T18:40:20.098+00,2025-03-24T18:40:20.098+00,true
THAPADER32,PHY1CJ101,2025-03-24T18:40:20.098+00,2025-03-24T18:40:20.098+00,true
THAPADER32,CSC1MN101,2025-03-24T18:40:20.098+00,2025-03-24T18:40:20.098+00,true
THAPADER32,STA1FM105,2025-03-24T18:40:20.098+00,2025-03-24T18:40:20.098+00,true
THAPADER33,PHY1CJ101,2025-03-24T18:40:20.098+00,2025-03-24T18:40:20.098+00,true
THAPADER33,CSC1MN101,2025-03-24T18:40:20.098+00,2025-03-24T18:40:20.098+00,true
THAPADER33,PHY1FM105,2025-03-24T18:40:20.098+00,2025-03-24T18:40:20.098+00,true
THAPADER34,PHY1CJ101,2025-03-24T18:40:20.098+00,2025-03-24T18:40:20.098+00,false
THAPADER34,CSC1MN101,2025-03-24T18:40:20.098+00,2025-03-24T18:40:20.098+00,true
THAPADER34,CHE1FM105,2025-03-24T18:40:20.098+00,2025-03-24T18:40:20.098+00,true
THAPADER37,PHY1CJ101,2025-03-24T18:40:20.098+00,2025-03-24T18:40:20.098+00,true
THAPADER37,CSC1MN101,2025-03-24T18:40:20.098+00,2025-03-24T18:40:20.098+00,true
THAPADER37,ELE1FM105,2025-03-24T18:40:20.098+00,2025-03-24T18:40:20.098+00,true
THAPADER38,PHY1CJ101,2025-03-24T18:40:20.098+00,2025-03-24T18:40:20.098+00,true
THAPADER38,CSC1MN101,2025-03-24T18:40:20.098+00,2025-03-24T18:40:20.098+00,true
THAPADER38,CSC1FM105,2025-03-24T18:40:20.098+00,2025-03-24T18:40:20.098+00,true
THAPADER39,PHY1CJ101,2025-03-24T18:40:20.098+00,2025-03-24T18:40:20.098+00,true
THAPADER39,CSC1MN101,2025-03-24T18:40:20.098+00,2025-03-24T18:40:20.098+00,true
THAPADER39,MAT1FM105,2025-03-24T18:40:20.098+00,2025-03-24T18:40:20.098+00,true
THAPADER40,PHY1CJ101,2025-03-24T18:40:20.098+00,2025-03-24T18:40:20.098+00,true
THAPADER40,CSC1MN101,2025-03-24T18:40:20.098+00,2025-03-24T18:40:20.098+00,true
THAPADER40,ECO1FM105,2025-03-24T18:40:20.098+00,2025-03-24T18:40:20.098+00,true
THAPADER41,PHY1CJ101,2025-03-24T18:40:20.098+00,2025-03-24T18:40:20.098+00,true
THAPADER41,CSC1MN101,2025-03-24T18:40:20.098+00,2025-03-24T18:40:20.098+00,true
THAPADER41,BCA1FM105,2025-03-24T18:40:20.098+00,2025-03-24T18:40:20.098+00,true
THAPADER42,PHY1CJ101,2025-03-24T18:40:20.098+00,2025-03-24T18:40:20.098+00,true
THAPADER42,CSC1MN101,2025-03-24T18:40:20.098+00,2025-03-24T18:40:20.098+00,true
THAPADER42,STA1FM105,2025-03-24T18:40:20.098+00,2025-03-24T18:40:20.098+00,true
THAPADER43,PHY1CJ101,2025-03-24T18:40:20.098+00,2025-03-24T18:40:20.098+00,true
THAPADER43,CSC1MN101,2025-03-24T18:40:20.098+00,2025-03-24T18:40:20.098+00,true
THAPADER43,PHY1FM105,2025-03-24T18:40:20.098+00,2025-03-24T18:40:20.098+00,true
THAPADER45,PHY1CJ101,2025-03-24T18:40:20.098+00,2025-03-24T18:40:20.098+00,true
THAPADER45,CSC1MN101,2025-03-24T18:40:20.098+00,2025-03-24T18:40:20.098+00,true
THAPADER45,CHE1FM105,2025-03-24T18:40:20.098+00,2025-03-24T18:40:20.098+00,true
THAPADER46,PHY1CJ101,2025-03-24T18:40:20.098+00,2025-03-24T18:40:20.098+00,true
THAPADER46,CSC1MN101,2025-03-24T18:40:20.098+00,2025-03-24T18:40:20.098+00,true
THAPADER46,ELE1FM105,2025-03-24T18:40:20.098+00,2025-03-24T18:40:20.098+00,true
THAPADER47,PHY1CJ101,2025-03-24T18:40:20.098+00,2025-03-24T18:40:20.098+00,true
THAPADER47,CSC1MN101,2025-03-24T18:40:20.098+00,2025-03-24T18:40:20.098+00,true
THAPADER47,CSC1FM105,2025-03-24T18:40:20.098+00,2025-03-24T18:40:20.098+00,true
THAPADER48,PHY1CJ101,2025-03-24T18:40:20.098+00,2025-03-24T18:40:20.098+00,true
THAPADER48,CSC1MN101,2025-03-24T18:40:20.098+00,2025-03-24T18:40:20.098+00,true
THAPADER48,MAT1FM105,2025-03-24T18:40:20.098+00,2025-03-24T18:40:20.098+00,true
THAPADER49,PHY1CJ101,2025-03-24T18:40:20.098+00,2025-03-24T18:40:20.098+00,false
THAPADER49,CSC1MN101,2025-03-24T18:40:20.098+00,2025-03-24T18:40:20.098+00,true
THAPADER49,ECO1FM105,2025-03-24T18:40:20.098+00,2025-03-24T18:40:20.098+00,true
THAPADER50,PHY1CJ101,2025-03-24T18:40:20.098+00,2025-03-24T18:40:20.098+00,true
THAPADER50,CSC1MN101,2025-03-24T18:40:20.098+00,2025-03-24T18:40:20.098+00,true
THAPADER50,BCA1FM105,2025-03-24T18:40:20.098+00,2025-03-24T18:40:20.098+00,true
THAPADER51,PHY1CJ101,2025-03-24T18:40:20.098+00,2025-03-24T18:40:20.098+00,true
THAPADER51,CSC1MN101,2025-03-24T18:40:20.098+00,2025-03-24T18:40:20.098+00,true
THAPADER51,STA1FM105,2025-03-24T18:40:20.098+00,2025-03-24T18:40:20.098+00,true
THAPADER52,PHY1CJ101,2025-03-24T18:40:20.098+00,2025-03-24T18:40:20.098+00,true
THAPADER52,CSC1MN101,2025-03-24T18:40:20.098+00,2025-03-24T18:40:20.098+00,true
THAPADER52,PHY1FM105,2025-03-24T18:40:20.098+00,2025-03-24T18:40:20.098+00,true
THAPADER54,PHY1CJ101,2025-03-24T18:40:20.098+00,2025-03-24T18:40:20.098+00,true
THAPADER54,CSC1MN101,2025-03-24T18:40:20.098+00,2025-03-24T18:40:20.098+00,true
THAPADER54,CHE1FM105,2025-03-24T18:40:20.098+00,2025-03-24T18:40:20.098+00,true
THAPADER55,PHY1CJ101,2025-03-24T18:40:20.098+00,2025-03-24T18:40:20.098+00,true
THAPADER55,CSC1MN101,2025-03-24T18:40:20.098+00,2025-03-24T18:40:20.098+00,true
THAPADER55,ELE1FM105,2025-03-24T18:40:20.098+00,2025-03-24T18:40:20.098+00,true
THAPADER56,PHY1CJ101,2025-03-24T18:40:20.098+00,2025-03-24T18:40:20.098+00,true
THAPADER56,CSC1MN101,2025-03-24T18:40:20.098+00,2025-03-24T18:40:20.098+00,true
THAPADER56,CSC1FM105,2025-03-24T18:40:20.098+00,2025-03-24T18:40:20.098+00,true
THAPADER57,PHY1CJ101,2025-03-24T18:40:20.098+00,2025-03-24T18:40:20.098+00,true
THAPADER57,CSC1MN101,2025-03-24T18:40:20.098+00,2025-03-24T18:40:20.098+00,true
THAPADER57,MAT1FM105,2025-03-24T18:40:20.098+00,2025-03-24T18:40:20.098+00,true
THAPADER58,PHY1CJ101,2025-03-24T18:40:20.098+00,2025-03-24T18:40:20.098+00,true
THAPADER58,CSC1MN101,2025-03-24T18:40:20.098+00,2025-03-24T18:40:20.098+00,true
THAPADER58,ECO1FM105,2025-03-24T18:40:20.098+00,2025-03-24T18:40:20.098+00,true
THAPADER59,PHY1CJ101,2025-03-24T18:40:20.098+00,2025-03-24T18:40:20.098+00,true
THAPADER59,CSC1MN101,2025-03-24T18:40:20.098+00,2025-03-24T18:40:20.098+00,true
THAPADER59,BCA1FM105,2025-03-24T18:40:20.098+00,2025-03-24T18:40:20.098+00,true
THAPADER60,PHY1CJ101,2025-03-24T18:40:20.098+00,2025-03-24T18:40:20.098+00,true
THAPADER60,CSC1MN101,2025-03-24T18:40:20.098+00,2025-03-24T18:40:20.098+00,true
THAPADER60,STA1FM105,2025-03-24T18:40:20.098+00,2025-03-24T18:40:20.098+00,true
THAPADER61,PHY1CJ101,2025-03-24T18:40:20.098+00,2025-03-24T18:40:20.098+00,true
THAPADER61,CSC1MN101,2025-03-24T18:40:20.098+00,2025-03-24T18:40:20.098+00,true
THAPADER61,PHY1FM105,2025-03-24T18:40:20.098+00,2025-03-24T18:40:20.098+00,true
THAPSBO001,CHE1CJ101,2025-03-24T18:40:20.098+00,2025-03-24T18:40:20.098+00,true
THAPSBO001,MAT1MN101,2025-03-24T18:40:20.098+00,2025-03-24T18:40:20.098+00,true
THAPSBO001,ELE1FM105,2025-03-24T18:40:20.098+00,2025-03-24T18:40:20.098+00,true
THAPSBO002,CHE1CJ101,2025-03-24T18:40:20.098+00,2025-03-24T18:40:20.098+00,true
THAPSBO002,MAT1MN101,2025-03-24T18:40:20.098+00,2025-03-24T18:40:20.098+00,true
THAPSBO002,CSC1FM105,2025-03-24T18:40:20.098+00,2025-03-24T18:40:20.098+00,true
THAPSBO003,CHE1CJ101,2025-03-24T18:40:20.098+00,2025-03-24T18:40:20.098+00,true
THAPSBO003,MAT1MN101,2025-03-24T18:40:20.098+00,2025-03-24T18:40:20.098+00,true
THAPSBO003,MAT1FM105,2025-03-24T18:40:20.098+00,2025-03-24T18:40:20.098+00,true
THAPSBO004,CHE1CJ101,2025-03-24T18:40:20.098+00,2025-03-24T18:40:20.098+00,false
THAPSBO004,MAT1MN101,2025-03-24T18:40:20.098+00,2025-03-24T18:40:20.098+00,true
THAPSBO004,ECO1FM105,2025-03-24T18:40:20.098+00,2025-03-24T18:40:20.098+00,true
THAPSBO005,CHE1CJ101,2025-03-24T18:40:20.098+00,2025-03-24T18:40:20.098+00,true
THAPSBO005,MAT1MN101,2025-03-24T18:40:20.098+00,2025-03-24T18:40:20.098+00,true
THAPSBO005,BCA1FM105,2025-03-24T18:40:20.098+00,2025-03-24T18:40:20.098+00,true
THAPSBO006,CHE1CJ101,2025-03-24T18:40:20.098+00,2025-03-24T18:40:20.098+00,true
THAPSBO006,MAT1MN101,2025-03-24T18:40:20.098+00,2025-03-24T18:40:20.098+00,true
THAPSBO006,CHE1FM105,2025-03-24T18:40:20.098+00,2025-03-24T18:40:20.098+00,true
THAPSBO007,CHE1CJ101,2025-03-24T18:40:20.098+00,2025-03-24T18:40:20.098+00,true
THAPSBO007,MAT1MN101,2025-03-24T18:40:20.098+00,2025-03-24T18:40:20.098+00,true
THAPSBO007,ELE1FM105,2025-03-24T18:40:20.098+00,2025-03-24T18:40:20.098+00,true
THAPSBO009,CHE1CJ101,2025-03-24T18:40:20.098+00,2025-03-24T18:40:20.098+00,true
THAPSBO009,MAT1MN101,2025-03-24T18:40:20.098+00,2025-03-24T18:40:20.098+00,true
THAPSBO009,CSC1FM105,2025-03-24T18:40:20.098+00,2025-03-24T18:40:20.098+00,true
THAPSBO010,CHE1CJ101,2025-03-24T18:40:20.098+00,2025-03-24T18:40:20.098+00,true
THAPSBO010,MAT1MN101,2025-03-24T18:40:20.098+00,2025-03-24T18:40:20.098+00,true
THAPSBO010,MAT1FM105,2025-03-24T18:40:20.098+00,2025-03-24T18:40:20.098+00,true
THAPSBO011,CHE1CJ101,2025-03-24T18:40:20.098+00,2025-03-24T18:40:20.098+00,true
THAPSBO011,MAT1MN101,2025-03-24T18:40:20.098+00,2025-03-24T18:40:20.098+00,true
THAPSBO011,ECO1FM105,2025-03-24T18:40:20.098+00,2025-03-24T18:40:20.098+00,true
THAPSBO012,CHE1CJ101,2025-03-24T18:40:20.098+00,2025-03-24T18:40:20.098+00,true
THAPSBO012,MAT1MN101,2025-03-24T18:40:20.098+00,2025-03-24T18:40:20.098+00,true
THAPSBO012,BCA1FM105,2025-03-24T18:40:20.098+00,2025-03-24T18:40:20.098+00,true
THAPSBO013,CHE1CJ101,2025-03-24T18:40:20.098+00,2025-03-24T18:40:20.098+00,true
THAPSBO013,MAT1MN101,2025-03-24T18:40:20.098+00,2025-03-24T18:40:20.098+00,true
THAPSBO013,STA1FM105,2025-03-24T18:40:20.098+00,2025-03-24T18:40:20.098+00,true
THAPSBO014,CHE1CJ101,2025-03-24T18:40:20.098+00,2025-03-24T18:40:20.098+00,true
THAPSBO014,MAT1MN101,2025-03-24T18:40:20.098+00,2025-03-24T18:40:20.098+00,true
THAPSBO014,PHY1FM105,2025-03-24T18:40:20.098+00,2025-03-24T18:40:20.098+00,true
THAPSBO015,CHE1CJ101,2025-03-24T18:40:20.098+00,2025-03-24T18:40:20.098+00,true
THAPSBO015,MAT1MN101,2025-03-24T18:40:20.098+00,2025-03-24T18:40:20.098+00,true
THAPSBO015,CHE1FM105,2025-03-24T18:40:20.098+00,2025-03-24T18:40:20.098+00,true
THAPSBO016,CHE1CJ101,2025-03-24T18:40:20.098+00,2025-03-24T18:40:20.098+00,true
THAPSBO016,MAT1MN101,2025-03-24T18:40:20.098+00,2025-03-24T18:40:20.098+00,true
THAPSBO016,ELE1FM105,2025-03-24T18:40:20.098+00,2025-03-24T18:40:20.098+00,true
THAPSBO017,CHE1CJ101,2025-03-24T18:40:20.098+00,2025-03-24T18:40:20.098+00,true
THAPSBO017,MAT1MN101,2025-03-24T18:40:20.098+00,2025-03-24T18:40:20.098+00,true
THAPSBO017,CSC1FM105,2025-03-24T18:40:20.098+00,2025-03-24T18:40:20.098+00,true
THAPSBO018,CHE1CJ101,2025-03-24T18:40:20.098+00,2025-03-24T18:40:20.098+00,true
THAPSBO018,MAT1MN101,2025-03-24T18:40:20.098+00,2025-03-24T18:40:20.098+00,true
THAPSBO018,MAT1FM105,2025-03-24T18:40:20.098+00,2025-03-24T18:40:20.098+00,true
THAPSBO019,CHE1CJ101,2025-03-24T18:40:20.098+00,2025-03-24T18:40:20.098+00,true
THAPSBO019,BCA1MN101,2025-03-24T18:40:20.098+00,2025-03-24T18:40:20.098+00,true
THAPSBO019,ECO1FM105,2025-03-24T18:40:20.098+00,2025-03-24T18:40:20.098+00,true
THAPSBO020,CHE1CJ101,2025-03-24T18:40:20.098+00,2025-03-24T18:40:20.098+00,true
THAPSBO020,BCA1MN101,2025-03-24T18:40:20.098+00,2025-03-24T18:40:20.098+00,true
THAPSBO020,BCA1FM105,2025-03-24T18:40:20.098+00,2025-03-24T18:40:20.098+00,true
THAPSBO021,CHE1CJ101,2025-03-24T18:40:20.098+00,2025-03-24T18:40:20.098+00,true
THAPSBO021,BCA1MN101,2025-03-24T18:40:20.098+00,2025-03-24T18:40:20.098+00,true
THAPSBO021,STA1FM105,2025-03-24T18:40:20.098+00,2025-03-24T18:40:20.098+00,true
THAPSBO022,CHE1CJ101,2025-03-24T18:40:20.098+00,2025-03-24T18:40:20.098+00,true
THAPSBO022,BCA1MN101,2025-03-24T18:40:20.098+00,2025-03-24T18:40:20.098+00,true
THAPSBO022,PHY1FM105,2025-03-24T18:40:20.098+00,2025-03-24T18:40:20.098+00,true
THAPSBO024,CHE1CJ101,2025-03-24T18:40:20.098+00,2025-03-24T18:40:20.098+00,true
THAPSBO024,BCA1MN101,2025-03-24T18:40:20.098+00,2025-03-24T18:40:20.098+00,true
THAPSBO024,CHE1FM105,2025-03-24T18:40:20.098+00,2025-03-24T18:40:20.098+00,true
THAPSBO025,CHE1CJ101,2025-03-24T18:40:20.098+00,2025-03-24T18:40:20.098+00,true
THAPSBO025,BCA1MN101,2025-03-24T18:40:20.098+00,2025-03-24T18:40:20.098+00,true
THAPSBO025,ELE1FM105,2025-03-24T18:40:20.098+00,2025-03-24T18:40:20.098+00,true
THAPSBO026,CHE1CJ101,2025-03-24T18:40:20.098+00,2025-03-24T18:40:20.098+00,true
THAPSBO026,BCA1MN101,2025-03-24T18:40:20.098+00,2025-03-24T18:40:20.098+00,true
THAPSBO026,CSC1FM105,2025-03-24T18:40:20.098+00,2025-03-24T18:40:20.098+00,true
THAPSBO027,CHE1CJ101,2025-03-24T18:40:20.098+00,2025-03-24T18:40:20.098+00,true
THAPSBO027,BCA1MN101,2025-03-24T18:40:20.098+00,2025-03-24T18:40:20.098+00,true
THAPSBO027,MAT1FM105,2025-03-24T18:40:20.098+00,2025-03-24T18:40:20.098+00,true
THAPSBO028,CHE1CJ101,2025-03-24T18:40:20.098+00,2025-03-24T18:40:20.098+00,true
THAPSBO028,BCA1MN101,2025-03-24T18:40:20.098+00,2025-03-24T18:40:20.098+00,true
THAPSBO028,ECO1FM105,2025-03-24T18:40:20.098+00,2025-03-24T18:40:20.098+00,true
THAPSBO029,CHE1CJ101,2025-03-24T18:40:20.098+00,2025-03-24T18:40:20.098+00,true
THAPSBO029,BCA1MN101,2025-03-24T18:40:20.098+00,2025-03-24T18:40:20.098+00,true
THAPSBO029,BCA1FM105,2025-03-24T18:40:20.098+00,2025-03-24T18:40:20.098+00,true
THAPSBO030,CHE1CJ101,2025-03-24T18:40:20.098+00,2025-03-24T18:40:20.098+00,true
THAPSBO030,BCA1MN101,2025-03-24T18:40:20.098+00,2025-03-24T18:40:20.098+00,true
THAPSBO030,STA1FM105,2025-03-24T18:40:20.098+00,2025-03-24T18:40:20.098+00,true
THAPSBO031,CHE1CJ101,2025-03-24T18:40:20.098+00,2025-03-24T18:40:20.098+00,true
THAPSBO031,BCA1MN101,2025-03-24T18:40:20.098+00,2025-03-24T18:40:20.098+00,true
THAPSBO031,PHY1FM105,2025-03-24T18:40:20.098+00,2025-03-24T18:40:20.098+00,true
THAPSBO032,CHE1CJ101,2025-03-24T18:40:20.098+00,2025-03-24T18:40:20.098+00,true
THAPSBO032,BCA1MN101,2025-03-24T18:40:20.098+00,2025-03-24T18:40:20.098+00,true
THAPSBO032,CHE1FM105,2025-03-24T18:40:20.098+00,2025-03-24T18:40:20.098+00,true
THAPSBO033,CHE1CJ101,2025-03-24T18:40:20.098+00,2025-03-24T18:40:20.098+00,true
THAPSBO033,BCA1MN101,2025-03-24T18:40:20.098+00,2025-03-24T18:40:20.098+00,true
THAPSBO033,ELE1FM105,2025-03-24T18:40:20.098+00,2025-03-24T18:40:20.098+00,true
THAPSBO034,CHE1CJ101,2025-03-24T18:40:20.098+00,2025-03-24T18:40:20.098+00,true
THAPSBO034,BCA1MN101,2025-03-24T18:40:20.098+00,2025-03-24T18:40:20.098+00,true
THAPSBO034,CSC1FM105,2025-03-24T18:40:20.098+00,2025-03-24T18:40:20.098+00,true
THAPSBO035,CHE1CJ101,2025-03-24T18:40:20.098+00,2025-03-24T18:40:20.098+00,true
THAPSBO035,BCA1MN101,2025-03-24T18:40:20.098+00,2025-03-24T18:40:20.098+00,true
THAPSBO035,MAT1FM105,2025-03-24T18:40:20.098+00,2025-03-24T18:40:20.098+00,true
THAPSBO036,CHE1CJ101,2025-03-24T18:40:20.098+00,2025-03-24T18:40:20.098+00,true
THAPSBO036,BCA1MN101,2025-03-24T18:40:20.098+00,2025-03-24T18:40:20.098+00,true
THAPSBO036,ECO1FM105,2025-03-24T18:40:20.098+00,2025-03-24T18:40:20.098+00,true
THAPSCH001,ELE1CJ101,2025-03-24T18:40:20.098+00,2025-03-24T18:40:20.098+00,true
THAPSCH001,PHY1MN101,2025-03-24T18:40:20.098+00,2025-03-24T18:40:20.098+00,true
THAPSCH001,STA1FM105,2025-03-24T18:40:20.098+00,2025-03-24T18:40:20.098+00,true
THAPSCH003,ELE1CJ101,2025-03-24T18:40:20.098+00,2025-03-24T18:40:20.098+00,true
THAPSCH003,PHY1MN101,2025-03-24T18:40:20.098+00,2025-03-24T18:40:20.098+00,true
THAPSCH003,PHY1FM105,2025-03-24T18:40:20.098+00,2025-03-24T18:40:20.098+00,true
THAPSCH004,ELE1CJ101,2025-03-24T18:40:20.098+00,2025-03-24T18:40:20.098+00,true
THAPSCH004,PHY1MN101,2025-03-24T18:40:20.098+00,2025-03-24T18:40:20.098+00,true
THAPSCH004,CHE1FM105,2025-03-24T18:40:20.098+00,2025-03-24T18:40:20.098+00,true
THAPSCH005,ELE1CJ101,2025-03-24T18:40:20.098+00,2025-03-24T18:40:20.098+00,true
THAPSCH005,PHY1MN101,2025-03-24T18:40:20.098+00,2025-03-24T18:40:20.098+00,true
THAPSCH005,ELE1FM105,2025-03-24T18:40:20.098+00,2025-03-24T18:40:20.098+00,true
THAPSCH006,ELE1CJ101,2025-03-24T18:40:20.098+00,2025-03-24T18:40:20.098+00,true
THAPSCH006,PHY1MN101,2025-03-24T18:40:20.098+00,2025-03-24T18:40:20.098+00,true
THAPSCH006,CSC1FM105,2025-03-24T18:40:20.098+00,2025-03-24T18:40:20.098+00,true
THAPSCH007,ELE1CJ101,2025-03-24T18:40:20.098+00,2025-03-24T18:40:20.098+00,true
THAPSCH007,PHY1MN101,2025-03-24T18:40:20.098+00,2025-03-24T18:40:20.098+00,true
THAPSCH007,MAT1FM105,2025-03-24T18:40:20.098+00,2025-03-24T18:40:20.098+00,true
THAPSCH008,ELE1CJ101,2025-03-24T18:40:20.098+00,2025-03-24T18:40:20.098+00,true
THAPSCH008,PHY1MN101,2025-03-24T18:40:20.098+00,2025-03-24T18:40:20.098+00,true
THAPSCH008,ECO1FM105,2025-03-24T18:40:20.098+00,2025-03-24T18:40:20.098+00,true
THAPSCH010,ELE1CJ101,2025-03-24T18:40:20.098+00,2025-03-24T18:40:20.098+00,true
THAPSCH010,PHY1MN101,2025-03-24T18:40:20.098+00,2025-03-24T18:40:20.098+00,true
THAPSCH010,BCA1FM105,2025-03-24T18:40:20.098+00,2025-03-24T18:40:20.098+00,true
THAPSCH011,ELE1CJ101,2025-03-24T18:40:20.098+00,2025-03-24T18:40:20.098+00,true
THAPSCH011,PHY1MN101,2025-03-24T18:40:20.098+00,2025-03-24T18:40:20.098+00,true
THAPSCH011,STA1FM105,2025-03-24T18:40:20.098+00,2025-03-24T18:40:20.098+00,true
THAPSCH012,ELE1CJ101,2025-03-24T18:40:20.098+00,2025-03-24T18:40:20.098+00,true
THAPSCH012,PHY1MN101,2025-03-24T18:40:20.098+00,2025-03-24T18:40:20.098+00,true
THAPSCH012,PHY1FM105,2025-03-24T18:40:20.098+00,2025-03-24T18:40:20.098+00,true
THAPSCH013,ELE1CJ101,2025-03-24T18:40:20.098+00,2025-03-24T18:40:20.098+00,true
THAPSCH013,PHY1MN101,2025-03-24T18:40:20.098+00,2025-03-24T18:40:20.098+00,true
THAPSCH013,CHE1FM105,2025-03-24T18:40:20.098+00,2025-03-24T18:40:20.098+00,true
THAPSCH014,ELE1CJ101,2025-03-24T18:40:20.098+00,2025-03-24T18:40:20.098+00,true
THAPSCH014,PHY1MN101,2025-03-24T18:40:20.098+00,2025-03-24T18:40:20.098+00,true
THAPSCH014,ELE1FM105,2025-03-24T18:40:20.098+00,2025-03-24T18:40:20.098+00,true
THAPSCH015,ELE1CJ101,2025-03-24T18:40:20.098+00,2025-03-24T18:40:20.098+00,true
THAPSCH015,PHY1MN101,2025-03-24T18:40:20.098+00,2025-03-24T18:40:20.098+00,true
THAPSCH015,CSC1FM105,2025-03-24T18:40:20.098+00,2025-03-24T18:40:20.098+00,true
THAPSCH016,ELE1CJ101,2025-03-24T18:40:20.098+00,2025-03-24T18:40:20.098+00,true
THAPSCH016,PHY1MN101,2025-03-24T18:40:20.098+00,2025-03-24T18:40:20.098+00,true
THAPSCH016,MAT1FM105,2025-03-24T18:40:20.098+00,2025-03-24T18:40:20.098+00,true
THAPSCH017,ELE1CJ101,2025-03-24T18:40:20.098+00,2025-03-24T18:40:20.098+00,true
THAPSCH017,PHY1MN101,2025-03-24T18:40:20.098+00,2025-03-24T18:40:20.098+00,true
THAPSCH017,ECO1FM105,2025-03-24T18:40:20.098+00,2025-03-24T18:40:20.098+00,true
THAPSCH018,ELE1CJ101,2025-03-24T18:40:20.098+00,2025-03-24T18:40:20.098+00,true
THAPSCH018,PHY1MN101,2025-03-24T18:40:20.098+00,2025-03-24T18:40:20.098+00,true
THAPSCH018,BCA1FM105,2025-03-24T18:40:20.098+00,2025-03-24T18:40:20.098+00,true
THAPSCH019,ELE1CJ101,2025-03-24T18:40:20.098+00,2025-03-24T18:40:20.098+00,true
THAPSCH019,PHY1MN101,2025-03-24T18:40:20.098+00,2025-03-24T18:40:20.098+00,true
THAPSCH019,STA1FM105,2025-03-24T18:40:20.098+00,2025-03-24T18:40:20.098+00,true
THAPSCH020,ELE1CJ101,2025-03-24T18:40:20.098+00,2025-03-24T18:40:20.098+00,true
THAPSCH020,PHY1MN101,2025-03-24T18:40:20.098+00,2025-03-24T18:40:20.098+00,true
THAPSCH020,PHY1FM105,2025-03-24T18:40:20.098+00,2025-03-24T18:40:20.098+00,true
THAPSCH021,ELE1CJ101,2025-03-24T18:40:20.098+00,2025-03-24T18:40:20.098+00,true
THAPSCH021,PHY1MN101,2025-03-24T18:40:20.098+00,2025-03-24T18:40:20.098+00,true
THAPSCH021,CHE1FM105,2025-03-24T18:40:20.098+00,2025-03-24T18:40:20.098+00,true
THAPSCH022,ELE1CJ101,2025-03-24T18:40:20.098+00,2025-03-24T18:40:20.098+00,true
THAPSCH022,PHY1MN101,2025-03-24T18:40:20.098+00,2025-03-24T18:40:20.098+00,true
THAPSCH022,ELE1FM105,2025-03-24T18:40:20.098+00,2025-03-24T18:40:20.098+00,true
THAPSCH023,ELE1CJ101,2025-03-24T18:40:20.098+00,2025-03-24T18:40:20.098+00,true
THAPSCH023,PHY1MN101,2025-03-24T18:40:20.098+00,2025-03-24T18:40:20.098+00,true
THAPSCH023,CSC1FM105,2025-03-24T18:40:20.098+00,2025-03-24T18:40:20.098+00,true
THAPSCH024,ELE1CJ101,2025-03-24T18:40:20.098+00,2025-03-24T18:40:20.098+00,true
THAPSCH024,CSC1MN101,2025-03-24T18:40:20.098+00,2025-03-24T18:40:20.098+00,true
THAPSCH024,MAT1FM105,2025-03-24T18:40:20.098+00,2025-03-24T18:40:20.098+00,true
THAPSCH025,ELE1CJ101,2025-03-24T18:40:20.098+00,2025-03-24T18:40:20.098+00,true
THAPSCH025,CSC1MN101,2025-03-24T18:40:20.098+00,2025-03-24T18:40:20.098+00,true
THAPSCH025,ECO1FM105,2025-03-24T18:40:20.098+00,2025-03-24T18:40:20.098+00,true
THAPSCH026,ELE1CJ101,2025-03-24T18:40:20.098+00,2025-03-24T18:40:20.098+00,true
THAPSCH026,CSC1MN101,2025-03-24T18:40:20.098+00,2025-03-24T18:40:20.098+00,true
THAPSCH026,BCA1FM105,2025-03-24T18:40:20.098+00,2025-03-24T18:40:20.098+00,true
THAPSCH028,ELE1CJ101,2025-03-24T18:40:20.098+00,2025-03-24T18:40:20.098+00,true
THAPSCH028,CSC1MN101,2025-03-24T18:40:20.098+00,2025-03-24T18:40:20.098+00,true
THAPSCH028,STA1FM105,2025-03-24T18:40:20.098+00,2025-03-24T18:40:20.098+00,true
THAPSCH029,ELE1CJ101,2025-03-24T18:40:20.098+00,2025-03-24T18:40:20.098+00,true
THAPSCH029,CSC1MN101,2025-03-24T18:40:20.098+00,2025-03-24T18:40:20.098+00,true
THAPSCH029,PHY1FM105,2025-03-24T18:40:20.098+00,2025-03-24T18:40:20.098+00,true
THAPSCH030,ELE1CJ101,2025-03-24T18:40:20.098+00,2025-03-24T18:40:20.098+00,true
THAPSCH030,CSC1MN101,2025-03-24T18:40:20.098+00,2025-03-24T18:40:20.098+00,true
THAPSCH030,CHE1FM105,2025-03-24T18:40:20.098+00,2025-03-24T18:40:20.098+00,true
THAPSCH031,ELE1CJ101,2025-03-24T18:40:20.098+00,2025-03-24T18:40:20.098+00,true
THAPSCH031,CSC1MN101,2025-03-24T18:40:20.098+00,2025-03-24T18:40:20.098+00,true
THAPSCH031,ELE1FM105,2025-03-24T18:40:20.098+00,2025-03-24T18:40:20.098+00,true
THAPSCH032,ELE1CJ101,2025-03-24T18:40:20.098+00,2025-03-24T18:40:20.098+00,true
THAPSCH032,CSC1MN101,2025-03-24T18:40:20.098+00,2025-03-24T18:40:20.098+00,true
THAPSCH032,CSC1FM105,2025-03-24T18:40:20.098+00,2025-03-24T18:40:20.098+00,true
THAPSCH033,ELE1CJ101,2025-03-24T18:40:20.098+00,2025-03-24T18:40:20.098+00,true
THAPSCH033,CSC1MN101,2025-03-24T18:40:20.098+00,2025-03-24T18:40:20.098+00,true
THAPSCH033,MAT1FM105,2025-03-24T18:40:20.098+00,2025-03-24T18:40:20.098+00,true
THAPSCH034,ELE1CJ101,2025-03-24T18:40:20.098+00,2025-03-24T18:40:20.098+00,true
THAPSCH034,CSC1MN101,2025-03-24T18:40:20.098+00,2025-03-24T18:40:20.098+00,true
THAPSCH034,ECO1FM105,2025-03-24T18:40:20.098+00,2025-03-24T18:40:20.098+00,true
THAPSCH035,ELE1CJ101,2025-03-24T18:40:20.098+00,2025-03-24T18:40:20.098+00,true
THAPSCH035,CSC1MN101,2025-03-24T18:40:20.098+00,2025-03-24T18:40:20.098+00,true
THAPSCH035,BCA1FM105,2025-03-24T18:40:20.098+00,2025-03-24T18:40:20.098+00,true
THAPSCH036,ELE1CJ101,2025-03-24T18:40:20.098+00,2025-03-24T18:40:20.098+00,true
THAPSCH036,CSC1MN101,2025-03-24T18:40:20.098+00,2025-03-24T18:40:20.098+00,true
THAPSCH036,STA1FM105,2025-03-24T18:40:20.098+00,2025-03-24T18:40:20.098+00,true
THAPSCH037,ELE1CJ101,2025-03-24T18:40:20.098+00,2025-03-24T18:40:20.098+00,true
THAPSCH037,CSC1MN101,2025-03-24T18:40:20.098+00,2025-03-24T18:40:20.098+00,true
THAPSCH037,PHY1FM105,2025-03-24T18:40:20.098+00,2025-03-24T18:40:20.098+00,true
THAPSCH038,ELE1CJ101,2025-03-24T18:40:20.098+00,2025-03-24T18:40:20.098+00,true
THAPSCH038,CSC1MN101,2025-03-24T18:40:20.098+00,2025-03-24T18:40:20.098+00,true
THAPSCH038,CHE1FM105,2025-03-24T18:40:20.098+00,2025-03-24T18:40:20.098+00,true
THAPSCH039,ELE1CJ101,2025-03-24T18:40:20.098+00,2025-03-24T18:40:20.098+00,true
THAPSCH039,CSC1MN101,2025-03-24T18:40:20.098+00,2025-03-24T18:40:20.098+00,true
THAPSCH039,ELE1FM105,2025-03-24T18:40:20.098+00,2025-03-24T18:40:20.098+00,true
THAPSCH042,ELE1CJ101,2025-03-24T18:40:20.098+00,2025-03-24T18:40:20.098+00,true
THAPSCH042,CSC1MN101,2025-03-24T18:40:20.098+00,2025-03-24T18:40:20.098+00,true
THAPSCH042,CSC1FM105,2025-03-24T18:40:20.098+00,2025-03-24T18:40:20.098+00,true
THAPSCH043,ELE1CJ101,2025-03-24T18:40:20.098+00,2025-03-24T18:40:20.098+00,true
THAPSCH043,CSC1MN101,2025-03-24T18:40:20.098+00,2025-03-24T18:40:20.098+00,true
THAPSCH043,MAT1FM105,2025-03-24T18:40:20.098+00,2025-03-24T18:40:20.098+00,true
THAPSCH044,ELE1CJ101,2025-03-24T18:40:20.098+00,2025-03-24T18:40:20.098+00,true
THAPSCH044,CSC1MN101,2025-03-24T18:40:20.098+00,2025-03-24T18:40:20.098+00,true
THAPSCH044,ECO1FM105,2025-03-24T18:40:20.098+00,2025-03-24T18:40:20.098+00,true
THAPSCH045,ELE1CJ101,2025-03-24T18:40:20.098+00,2025-03-24T18:40:20.098+00,true
THAPSCH045,CSC1MN101,2025-03-24T18:40:20.098+00,2025-03-24T18:40:20.098+00,true
THAPSCH045,BCA1FM105,2025-03-24T18:40:20.098+00,2025-03-24T18:40:20.098+00,true
THAPSCH046,ELE1CJ101,2025-03-24T18:40:20.098+00,2025-03-24T18:40:20.098+00,true
THAPSCH046,CSC1MN101,2025-03-24T18:40:20.098+00,2025-03-24T18:40:20.098+00,true
THAPSCH046,STA1FM105,2025-03-24T18:40:20.098+00,2025-03-24T18:40:20.098+00,true
THAPSCH047,ELE1CJ101,2025-03-24T18:40:20.098+00,2025-03-24T18:40:20.098+00,true
THAPSCH047,CSC1MN101,2025-03-24T18:40:20.098+00,2025-03-24T18:40:20.098+00,true
THAPSCH047,PHY1FM105,2025-03-24T18:40:20.098+00,2025-03-24T18:40:20.098+00,true
THAPSCH048,ELE1CJ101,2025-03-24T18:40:20.098+00,2025-03-24T18:40:20.098+00,true
THAPSCH048,CSC1MN101,2025-03-24T18:40:20.098+00,2025-03-24T18:40:20.098+00,true
THAPSCH048,CHE1FM105,2025-03-24T18:40:20.098+00,2025-03-24T18:40:20.098+00,true
THAPSCS001,CSC1CJ101,2025-03-24T18:40:20.098+00,2025-03-24T18:40:20.098+00,true
THAPSCS001,MAT1MN101,2025-03-24T18:40:20.098+00,2025-03-24T18:40:20.098+00,true
THAPSCS001,CSC1FM105,2025-03-24T18:40:20.098+00,2025-03-24T18:40:20.098+00,true
THAPSCS002,CSC1CJ101,2025-03-24T18:40:20.098+00,2025-03-24T18:40:20.098+00,true
THAPSCS002,MAT1MN101,2025-03-24T18:40:20.098+00,2025-03-24T18:40:20.098+00,true
THAPSCS002,MAT1FM105,2025-03-24T18:40:20.098+00,2025-03-24T18:40:20.098+00,true
THAPSCS003,CSC1CJ101,2025-03-24T18:40:20.098+00,2025-03-24T18:40:20.098+00,true
THAPSCS003,MAT1MN101,2025-03-24T18:40:20.098+00,2025-03-24T18:40:20.098+00,true
THAPSCS003,ECO1FM105,2025-03-24T18:40:20.098+00,2025-03-24T18:40:20.098+00,true
THAPSCS004,CSC1CJ101,2025-03-24T18:40:20.098+00,2025-03-24T18:40:20.098+00,true
THAPSCS004,MAT1MN101,2025-03-24T18:40:20.098+00,2025-03-24T18:40:20.098+00,true
THAPSCS004,BCA1FM105,2025-03-24T18:40:20.098+00,2025-03-24T18:40:20.098+00,true
THAPSCS005,CSC1CJ101,2025-03-24T18:40:20.098+00,2025-03-24T18:40:20.098+00,true
THAPSCS005,MAT1MN101,2025-03-24T18:40:20.098+00,2025-03-24T18:40:20.098+00,true
THAPSCS005,STA1FM105,2025-03-24T18:40:20.098+00,2025-03-24T18:40:20.098+00,true
THAPSCS006,CSC1CJ101,2025-03-24T18:40:20.098+00,2025-03-24T18:40:20.098+00,true
THAPSCS006,MAT1MN101,2025-03-24T18:40:20.098+00,2025-03-24T18:40:20.098+00,true
THAPSCS006,PHY1FM105,2025-03-24T18:40:20.098+00,2025-03-24T18:40:20.098+00,true
THAPSCS007,CSC1CJ101,2025-03-24T18:40:20.098+00,2025-03-24T18:40:20.098+00,true
THAPSCS007,MAT1MN101,2025-03-24T18:40:20.098+00,2025-03-24T18:40:20.098+00,true
THAPSCS007,ELE1FM105,2025-03-24T18:40:20.098+00,2025-03-24T18:40:20.098+00,true
THAPSCS008,CSC1CJ101,2025-03-24T18:40:20.098+00,2025-03-24T18:40:20.098+00,true
THAPSCS008,MAT1MN101,2025-03-24T18:40:20.098+00,2025-03-24T18:40:20.098+00,true
THAPSCS008,CSC1FM105,2025-03-24T18:40:20.098+00,2025-03-24T18:40:20.098+00,true
THAPSCS009,CSC1CJ101,2025-03-24T18:40:20.098+00,2025-03-24T18:40:20.098+00,true
THAPSCS009,MAT1MN101,2025-03-24T18:40:20.098+00,2025-03-24T18:40:20.098+00,true
THAPSCS009,MAT1FM105,2025-03-24T18:40:20.098+00,2025-03-24T18:40:20.098+00,true
THAPSCS010,CSC1CJ101,2025-03-24T18:40:20.098+00,2025-03-24T18:40:20.098+00,true
THAPSCS010,MAT1MN101,2025-03-24T18:40:20.098+00,2025-03-24T18:40:20.098+00,true
THAPSCS010,ECO1FM105,2025-03-24T18:40:20.098+00,2025-03-24T18:40:20.098+00,true
THAPSCS011,CSC1CJ101,2025-03-24T18:40:20.098+00,2025-03-24T18:40:20.098+00,true
THAPSCS011,MAT1MN101,2025-03-24T18:40:20.098+00,2025-03-24T18:40:20.098+00,true
THAPSCS011,BCA1FM105,2025-03-24T18:40:20.098+00,2025-03-24T18:40:20.098+00,true
THAPSCS013,CSC1CJ101,2025-03-24T18:40:20.098+00,2025-03-24T18:40:20.098+00,true
THAPSCS013,MAT1MN101,2025-03-24T18:40:20.098+00,2025-03-24T18:40:20.098+00,true
THAPSCS013,STA1FM105,2025-03-24T18:40:20.098+00,2025-03-24T18:40:20.098+00,true
THAPSCS014,CSC1CJ101,2025-03-24T18:40:20.098+00,2025-03-24T18:40:20.098+00,true
THAPSCS014,MAT1MN101,2025-03-24T18:40:20.098+00,2025-03-24T18:40:20.098+00,true
THAPSCS014,PHY1FM105,2025-03-24T18:40:20.098+00,2025-03-24T18:40:20.098+00,true
THAPSCS015,CSC1CJ101,2025-03-24T18:40:20.098+00,2025-03-24T18:40:20.098+00,true
THAPSCS015,MAT1MN101,2025-03-24T18:40:20.098+00,2025-03-24T18:40:20.098+00,true
THAPSCS015,CHE1FM105,2025-03-24T18:40:20.098+00,2025-03-24T18:40:20.098+00,true
THAPSCS016,CSC1CJ101,2025-03-24T18:40:20.098+00,2025-03-24T18:40:20.098+00,true
THAPSCS016,MAT1MN101,2025-03-24T18:40:20.098+00,2025-03-24T18:40:20.098+00,true
THAPSCS016,ELE1FM105,2025-03-24T18:40:20.098+00,2025-03-24T18:40:20.098+00,true
THAPSCS017,CSC1CJ101,2025-03-24T18:40:20.098+00,2025-03-24T18:40:20.098+00,true
THAPSCS017,MAT1MN101,2025-03-24T18:40:20.098+00,2025-03-24T18:40:20.098+00,true
THAPSCS017,CSC1FM105,2025-03-24T18:40:20.098+00,2025-03-24T18:40:20.098+00,true
THAPSCS018,CSC1CJ101,2025-03-24T18:40:20.098+00,2025-03-24T18:40:20.098+00,true
THAPSCS018,STA1MN101,2025-03-24T18:40:20.098+00,2025-03-24T18:40:20.098+00,true
THAPSCS018,MAT1FM105,2025-03-24T18:40:20.098+00,2025-03-24T18:40:20.098+00,true
THAPSCS019,CSC1CJ101,2025-03-24T18:40:20.098+00,2025-03-24T18:40:20.098+00,true
THAPSCS019,STA1MN101,2025-03-24T18:40:20.098+00,2025-03-24T18:40:20.098+00,true
THAPSCS019,ECO1FM105,2025-03-24T18:40:20.098+00,2025-03-24T18:40:20.098+00,true
THAPSCS020,CSC1CJ101,2025-03-24T18:40:20.098+00,2025-03-24T18:40:20.098+00,true
THAPSCS020,STA1MN101,2025-03-24T18:40:20.098+00,2025-03-24T18:40:20.098+00,true
THAPSCS020,BCA1FM105,2025-03-24T18:40:20.098+00,2025-03-24T18:40:20.098+00,true
THAPSCS023,CSC1CJ101,2025-03-24T18:40:20.098+00,2025-03-24T18:40:20.098+00,true
THAPSCS023,STA1MN101,2025-03-24T18:40:20.098+00,2025-03-24T18:40:20.098+00,true
THAPSCS023,STA1FM105,2025-03-24T18:40:20.098+00,2025-03-24T18:40:20.098+00,true
THAPSCS024,CSC1CJ101,2025-03-24T18:40:20.098+00,2025-03-24T18:40:20.098+00,true
THAPSCS024,STA1MN101,2025-03-24T18:40:20.098+00,2025-03-24T18:40:20.098+00,true
THAPSCS024,PHY1FM105,2025-03-24T18:40:20.098+00,2025-03-24T18:40:20.098+00,true
THAPSCS025,CSC1CJ101,2025-03-24T18:40:20.098+00,2025-03-24T18:40:20.098+00,true
THAPSCS025,STA1MN101,2025-03-24T18:40:20.098+00,2025-03-24T18:40:20.098+00,true
THAPSCS025,CHE1FM105,2025-03-24T18:40:20.098+00,2025-03-24T18:40:20.098+00,true
THAPSCS026,CSC1CJ101,2025-03-24T18:40:20.098+00,2025-03-24T18:40:20.098+00,false
THAPSCS026,STA1MN101,2025-03-24T18:40:20.098+00,2025-03-24T18:40:20.098+00,true
THAPSCS026,ELE1FM105,2025-03-24T18:40:20.098+00,2025-03-24T18:40:20.098+00,true
THAPSCS027,CSC1CJ101,2025-03-24T18:40:20.098+00,2025-03-24T18:40:20.098+00,true
THAPSCS027,STA1MN101,2025-03-24T18:40:20.098+00,2025-03-24T18:40:20.098+00,true
THAPSCS027,CSC1FM105,2025-03-24T18:40:20.098+00,2025-03-24T18:40:20.098+00,true
THAPSCS030,CSC1CJ101,2025-03-24T18:40:20.098+00,2025-03-24T18:40:20.098+00,true
THAPSCS030,STA1MN101,2025-03-24T18:40:20.098+00,2025-03-24T18:40:20.098+00,true
THAPSCS030,MAT1FM105,2025-03-24T18:40:20.098+00,2025-03-24T18:40:20.098+00,true
THAPSCS031,CSC1CJ101,2025-03-24T18:40:20.098+00,2025-03-24T18:40:20.098+00,true
THAPSCS031,STA1MN101,2025-03-24T18:40:20.098+00,2025-03-24T18:40:20.098+00,true
THAPSCS031,ECO1FM105,2025-03-24T18:40:20.098+00,2025-03-24T18:40:20.098+00,true
THAPSCS032,CSC1CJ101,2025-03-24T18:40:20.098+00,2025-03-24T18:40:20.098+00,true
THAPSCS032,STA1MN101,2025-03-24T18:40:20.098+00,2025-03-24T18:40:20.098+00,true
THAPSCS032,BCA1FM105,2025-03-24T18:40:20.098+00,2025-03-24T18:40:20.098+00,true
THAPSCS033,CSC1CJ101,2025-03-24T18:40:20.098+00,2025-03-24T18:40:20.098+00,true
THAPSCS033,STA1MN101,2025-03-24T18:40:20.098+00,2025-03-24T18:40:20.098+00,true
THAPSCS033,STA1FM105,2025-03-24T18:40:20.098+00,2025-03-24T18:40:20.098+00,true
THAPSCS034,CSC1CJ101,2025-03-24T18:40:20.098+00,2025-03-24T18:40:20.098+00,true
THAPSCS034,STA1MN101,2025-03-24T18:40:20.098+00,2025-03-24T18:40:20.098+00,true
THAPSCS034,PHY1FM105,2025-03-24T18:40:20.098+00,2025-03-24T18:40:20.098+00,true
THAPSCS035,CSC1CJ101,2025-03-24T18:40:20.098+00,2025-03-24T18:40:20.098+00,true
THAPSCS035,STA1MN101,2025-03-24T18:40:20.098+00,2025-03-24T18:40:20.098+00,true
THAPSCS035,CHE1FM105,2025-03-24T18:40:20.098+00,2025-03-24T18:40:20.098+00,true
THAPSCS036,CSC1CJ101,2025-03-24T18:40:20.098+00,2025-03-24T18:40:20.098+00,true
THAPSCS036,STA1MN101,2025-03-24T18:40:20.098+00,2025-03-24T18:40:20.098+00,true
THAPSCS036,ELE1FM105,2025-03-24T18:40:20.098+00,2025-03-24T18:40:20.098+00,true
THAPSCS037,CSC1CJ101,2025-03-24T18:40:20.098+00,2025-03-24T18:40:20.098+00,true
THAPSCS037,STA1MN101,2025-03-24T18:40:20.098+00,2025-03-24T18:40:20.098+00,true
THAPSCS037,CSC1FM105,2025-03-24T18:40:20.098+00,2025-03-24T18:40:20.098+00,true
THAPSEL001,MAT1CJ101,2025-03-24T18:40:20.098+00,2025-03-24T18:40:20.098+00,true
THAPSEL001,PHY1MN101,2025-03-24T18:40:20.098+00,2025-03-24T18:40:20.098+00,true
THAPSEL001,ECO1FM105,2025-03-24T18:40:20.098+00,2025-03-24T18:40:20.098+00,true
THAPSEL002,MAT1CJ101,2025-03-24T18:40:20.098+00,2025-03-24T18:40:20.098+00,true
THAPSEL002,PHY1MN101,2025-03-24T18:40:20.098+00,2025-03-24T18:40:20.098+00,true
THAPSEL002,BCA1FM105,2025-03-24T18:40:20.098+00,2025-03-24T18:40:20.098+00,true
THAPSEL003,MAT1CJ101,2025-03-24T18:40:20.098+00,2025-03-24T18:40:20.098+00,true
THAPSEL003,PHY1MN101,2025-03-24T18:40:20.098+00,2025-03-24T18:40:20.098+00,true
THAPSEL003,STA1FM105,2025-03-24T18:40:20.098+00,2025-03-24T18:40:20.098+00,true
THAPSEL004,MAT1CJ101,2025-03-24T18:40:20.098+00,2025-03-24T18:40:20.098+00,true
THAPSEL004,PHY1MN101,2025-03-24T18:40:20.098+00,2025-03-24T18:40:20.098+00,true
THAPSEL004,PHY1FM105,2025-03-24T18:40:20.098+00,2025-03-24T18:40:20.098+00,true
THAPSEL005,MAT1CJ101,2025-03-24T18:40:20.098+00,2025-03-24T18:40:20.098+00,true
THAPSEL005,PHY1MN101,2025-03-24T18:40:20.098+00,2025-03-24T18:40:20.098+00,true
THAPSEL005,CHE1FM105,2025-03-24T18:40:20.098+00,2025-03-24T18:40:20.098+00,true
THAPSEL006,MAT1CJ101,2025-03-24T18:40:20.098+00,2025-03-24T18:40:20.098+00,true
THAPSEL006,PHY1MN101,2025-03-24T18:40:20.098+00,2025-03-24T18:40:20.098+00,true
THAPSEL006,MAT1FM105,2025-03-24T18:40:20.098+00,2025-03-24T18:40:20.098+00,true
THAPSEL007,MAT1CJ101,2025-03-24T18:40:20.098+00,2025-03-24T18:40:20.098+00,true
THAPSEL007,PHY1MN101,2025-03-24T18:40:20.098+00,2025-03-24T18:40:20.098+00,true
THAPSEL007,ECO1FM105,2025-03-24T18:40:20.098+00,2025-03-24T18:40:20.098+00,true
THAPSEL008,MAT1CJ101,2025-03-24T18:40:20.098+00,2025-03-24T18:40:20.098+00,true
THAPSEL008,PHY1MN101,2025-03-24T18:40:20.098+00,2025-03-24T18:40:20.098+00,true
THAPSEL008,BCA1FM105,2025-03-24T18:40:20.098+00,2025-03-24T18:40:20.098+00,true
THAPSEL009,MAT1CJ101,2025-03-24T18:40:20.098+00,2025-03-24T18:40:20.098+00,true
THAPSEL009,PHY1MN101,2025-03-24T18:40:20.098+00,2025-03-24T18:40:20.098+00,true
THAPSEL009,STA1FM105,2025-03-24T18:40:20.098+00,2025-03-24T18:40:20.098+00,true
THAPSEL010,MAT1CJ101,2025-03-24T18:40:20.098+00,2025-03-24T18:40:20.098+00,true
THAPSEL010,PHY1MN101,2025-03-24T18:40:20.098+00,2025-03-24T18:40:20.098+00,true
THAPSEL010,PHY1FM105,2025-03-24T18:40:20.098+00,2025-03-24T18:40:20.098+00,true
THAPSEL011,MAT1CJ101,2025-03-24T18:40:20.098+00,2025-03-24T18:40:20.098+00,true
THAPSEL011,PHY1MN101,2025-03-24T18:40:20.098+00,2025-03-24T18:40:20.098+00,true
THAPSEL011,CHE1FM105,2025-03-24T18:40:20.098+00,2025-03-24T18:40:20.098+00,true
THAPSEL012,MAT1CJ101,2025-03-24T18:40:20.098+00,2025-03-24T18:40:20.098+00,true
THAPSEL012,PHY1MN101,2025-03-24T18:40:20.098+00,2025-03-24T18:40:20.098+00,true
THAPSEL012,ELE1FM105,2025-03-24T18:40:20.098+00,2025-03-24T18:40:20.098+00,true
THAPSEL013,MAT1CJ101,2025-03-24T18:40:20.098+00,2025-03-24T18:40:20.098+00,true
THAPSEL013,PHY1MN101,2025-03-24T18:40:20.098+00,2025-03-24T18:40:20.098+00,true
THAPSEL013,CSC1FM105,2025-03-24T18:40:20.098+00,2025-03-24T18:40:20.098+00,true
THAPSEL014,MAT1CJ101,2025-03-24T18:40:20.098+00,2025-03-24T18:40:20.098+00,true
THAPSEL014,PHY1MN101,2025-03-24T18:40:20.098+00,2025-03-24T18:40:20.098+00,true
THAPSEL014,MAT1FM105,2025-03-24T18:40:20.098+00,2025-03-24T18:40:20.098+00,true
THAPSEL016,MAT1CJ101,2025-03-24T18:40:20.098+00,2025-03-24T18:40:20.098+00,true
THAPSEL016,PHY1MN101,2025-03-24T18:40:20.098+00,2025-03-24T18:40:20.098+00,true
THAPSEL016,ECO1FM105,2025-03-24T18:40:20.098+00,2025-03-24T18:40:20.098+00,true
THAPSEL017,MAT1CJ101,2025-03-24T18:40:20.098+00,2025-03-24T18:40:20.098+00,true
THAPSEL017,PHY1MN101,2025-03-24T18:40:20.098+00,2025-03-24T18:40:20.098+00,true
THAPSEL017,BCA1FM105,2025-03-24T18:40:20.098+00,2025-03-24T18:40:20.098+00,true
THAPSEL018,MAT1CJ101,2025-03-24T18:40:20.098+00,2025-03-24T18:40:20.098+00,true
THAPSEL018,BCA1MN101,2025-03-24T18:40:20.098+00,2025-03-24T18:40:20.098+00,true
THAPSEL018,STA1FM105,2025-03-24T18:40:20.098+00,2025-03-24T18:40:20.098+00,true
THAPSEL019,MAT1CJ101,2025-03-24T18:40:20.098+00,2025-03-24T18:40:20.098+00,true
THAPSEL019,BCA1MN101,2025-03-24T18:40:20.098+00,2025-03-24T18:40:20.098+00,true
THAPSEL019,PHY1FM105,2025-03-24T18:40:20.098+00,2025-03-24T18:40:20.098+00,true
THAPSEL020,MAT1CJ101,2025-03-24T18:40:20.098+00,2025-03-24T18:40:20.098+00,true
THAPSEL020,BCA1MN101,2025-03-24T18:40:20.098+00,2025-03-24T18:40:20.098+00,true
THAPSEL020,CHE1FM105,2025-03-24T18:40:20.098+00,2025-03-24T18:40:20.098+00,true
THAPSEL021,MAT1CJ101,2025-03-24T18:40:20.098+00,2025-03-24T18:40:20.098+00,true
THAPSEL021,BCA1MN101,2025-03-24T18:40:20.098+00,2025-03-24T18:40:20.098+00,true
THAPSEL021,ELE1FM105,2025-03-24T18:40:20.098+00,2025-03-24T18:40:20.098+00,true
THAPSEL022,MAT1CJ101,2025-03-24T18:40:20.098+00,2025-03-24T18:40:20.098+00,true
THAPSEL022,BCA1MN101,2025-03-24T18:40:20.098+00,2025-03-24T18:40:20.098+00,true
THAPSEL022,CSC1FM105,2025-03-24T18:40:20.098+00,2025-03-24T18:40:20.098+00,true
THAPSEL023,MAT1CJ101,2025-03-24T18:40:20.098+00,2025-03-24T18:40:20.098+00,true
THAPSEL023,BCA1MN101,2025-03-24T18:40:20.098+00,2025-03-24T18:40:20.098+00,true
THAPSEL023,MAT1FM105,2025-03-24T18:40:20.098+00,2025-03-24T18:40:20.098+00,true
THAPSEL024,MAT1CJ101,2025-03-24T18:40:20.098+00,2025-03-24T18:40:20.098+00,true
THAPSEL024,BCA1MN101,2025-03-24T18:40:20.098+00,2025-03-24T18:40:20.098+00,true
THAPSEL024,ECO1FM105,2025-03-24T18:40:20.098+00,2025-03-24T18:40:20.098+00,true
THAPSEL026,MAT1CJ101,2025-03-24T18:40:20.098+00,2025-03-24T18:40:20.098+00,true
THAPSEL026,BCA1MN101,2025-03-24T18:40:20.098+00,2025-03-24T18:40:20.098+00,true
THAPSEL026,BCA1FM105,2025-03-24T18:40:20.098+00,2025-03-24T18:40:20.098+00,true
THAPSEL027,MAT1CJ101,2025-03-24T18:40:20.098+00,2025-03-24T18:40:20.098+00,true
THAPSEL027,BCA1MN101,2025-03-24T18:40:20.098+00,2025-03-24T18:40:20.098+00,true
THAPSEL027,STA1FM105,2025-03-24T18:40:20.098+00,2025-03-24T18:40:20.098+00,true
THAPSEL028,MAT1CJ101,2025-03-24T18:40:20.098+00,2025-03-24T18:40:20.098+00,true
THAPSEL028,BCA1MN101,2025-03-24T18:40:20.098+00,2025-03-24T18:40:20.098+00,true
THAPSEL028,PHY1FM105,2025-03-24T18:40:20.098+00,2025-03-24T18:40:20.098+00,true
THAPSEL029,MAT1CJ101,2025-03-24T18:40:20.098+00,2025-03-24T18:40:20.098+00,true
THAPSEL029,BCA1MN101,2025-03-24T18:40:20.098+00,2025-03-24T18:40:20.098+00,true
THAPSEL029,CHE1FM105,2025-03-24T18:40:20.098+00,2025-03-24T18:40:20.098+00,true
THAPSEL030,MAT1CJ101,2025-03-24T18:40:20.098+00,2025-03-24T18:40:20.098+00,true
THAPSEL030,BCA1MN101,2025-03-24T18:40:20.098+00,2025-03-24T18:40:20.098+00,true
THAPSEL030,ELE1FM105,2025-03-24T18:40:20.098+00,2025-03-24T18:40:20.098+00,true
THAPSEL031,MAT1CJ101,2025-03-24T18:40:20.098+00,2025-03-24T18:40:20.098+00,true
THAPSEL031,BCA1MN101,2025-03-24T18:40:20.098+00,2025-03-24T18:40:20.098+00,true
THAPSEL031,CSC1FM105,2025-03-24T18:40:20.098+00,2025-03-24T18:40:20.098+00,true
THAPSEL032,MAT1CJ101,2025-03-24T18:40:20.098+00,2025-03-24T18:40:20.098+00,true
THAPSEL032,BCA1MN101,2025-03-24T18:40:20.098+00,2025-03-24T18:40:20.098+00,true
THAPSEL032,MAT1FM105,2025-03-24T18:40:20.098+00,2025-03-24T18:40:20.098+00,true
THAPSEL033,MAT1CJ101,2025-03-24T18:40:20.098+00,2025-03-24T18:40:20.098+00,true
THAPSEL033,BCA1MN101,2025-03-24T18:40:20.098+00,2025-03-24T18:40:20.098+00,true
THAPSEL033,ECO1FM105,2025-03-24T18:40:20.098+00,2025-03-24T18:40:20.098+00,true
THAPSMT001,ECO1CJ101,2025-03-24T18:40:20.098+00,2025-03-24T18:40:20.098+00,true
THAPSMT001,MAT1MN101,2025-03-24T18:40:20.098+00,2025-03-24T18:40:20.098+00,true
THAPSMT001,STA1FM105,2025-03-24T18:40:20.098+00,2025-03-24T18:40:20.098+00,true
THAPSMT002,ECO1CJ101,2025-03-24T18:40:20.098+00,2025-03-24T18:40:20.098+00,true
THAPSMT002,MAT1MN101,2025-03-24T18:40:20.098+00,2025-03-24T18:40:20.098+00,true
THAPSMT002,PHY1FM105,2025-03-24T18:40:20.098+00,2025-03-24T18:40:20.098+00,true
THAPSMT003,ECO1CJ101,2025-03-24T18:40:20.098+00,2025-03-24T18:40:20.098+00,true
THAPSMT003,MAT1MN101,2025-03-24T18:40:20.098+00,2025-03-24T18:40:20.098+00,true
THAPSMT003,CHE1FM105,2025-03-24T18:40:20.098+00,2025-03-24T18:40:20.098+00,true
THAPSMT004,ECO1CJ101,2025-03-24T18:40:20.098+00,2025-03-24T18:40:20.098+00,true
THAPSMT004,MAT1MN101,2025-03-24T18:40:20.098+00,2025-03-24T18:40:20.098+00,true
THAPSMT004,ELE1FM105,2025-03-24T18:40:20.098+00,2025-03-24T18:40:20.098+00,true
THAPSMT006,ECO1CJ101,2025-03-24T18:40:20.098+00,2025-03-24T18:40:20.098+00,true
THAPSMT006,MAT1MN101,2025-03-24T18:40:20.098+00,2025-03-24T18:40:20.098+00,true
THAPSMT006,CSC1FM105,2025-03-24T18:40:20.098+00,2025-03-24T18:40:20.098+00,true
THAPSMT007,ECO1CJ101,2025-03-24T18:40:20.098+00,2025-03-24T18:40:20.098+00,true
THAPSMT007,MAT1MN101,2025-03-24T18:40:20.098+00,2025-03-24T18:40:20.098+00,true
THAPSMT007,BCA1FM105,2025-03-24T18:40:20.098+00,2025-03-24T18:40:20.098+00,true
THAPSMT008,ECO1CJ101,2025-03-24T18:40:20.098+00,2025-03-24T18:40:20.098+00,true
THAPSMT008,MAT1MN101,2025-03-24T18:40:20.098+00,2025-03-24T18:40:20.098+00,true
THAPSMT008,STA1FM105,2025-03-24T18:40:20.098+00,2025-03-24T18:40:20.098+00,true
THAPSMT009,ECO1CJ101,2025-03-24T18:40:20.098+00,2025-03-24T18:40:20.098+00,true
THAPSMT009,MAT1MN101,2025-03-24T18:40:20.098+00,2025-03-24T18:40:20.098+00,true
THAPSMT009,PHY1FM105,2025-03-24T18:40:20.098+00,2025-03-24T18:40:20.098+00,true
THAPSMT010,ECO1CJ101,2025-03-24T18:40:20.098+00,2025-03-24T18:40:20.098+00,true
THAPSMT010,MAT1MN101,2025-03-24T18:40:20.098+00,2025-03-24T18:40:20.098+00,true
THAPSMT010,CHE1FM105,2025-03-24T18:40:20.098+00,2025-03-24T18:40:20.098+00,true
THAPSMT011,ECO1CJ101,2025-03-24T18:40:20.098+00,2025-03-24T18:40:20.098+00,true
THAPSMT011,MAT1MN101,2025-03-24T18:40:20.098+00,2025-03-24T18:40:20.098+00,true
THAPSMT011,ELE1FM105,2025-03-24T18:40:20.098+00,2025-03-24T18:40:20.098+00,true
THAPSMT012,ECO1CJ101,2025-03-24T18:40:20.098+00,2025-03-24T18:40:20.098+00,true
THAPSMT012,MAT1MN101,2025-03-24T18:40:20.098+00,2025-03-24T18:40:20.098+00,true
THAPSMT012,CSC1FM105,2025-03-24T18:40:20.098+00,2025-03-24T18:40:20.098+00,true
THAPSMT013,ECO1CJ101,2025-03-24T18:40:20.098+00,2025-03-24T18:40:20.098+00,true
THAPSMT013,MAT1MN101,2025-03-24T18:40:20.098+00,2025-03-24T18:40:20.098+00,true
THAPSMT013,MAT1FM105,2025-03-24T18:40:20.098+00,2025-03-24T18:40:20.098+00,true
THAPSMT015,ECO1CJ101,2025-03-24T18:40:20.098+00,2025-03-24T18:40:20.098+00,true
THAPSMT015,MAT1MN101,2025-03-24T18:40:20.098+00,2025-03-24T18:40:20.098+00,true
THAPSMT015,ECO1FM105,2025-03-24T18:40:20.098+00,2025-03-24T18:40:20.098+00,true
THAPSMT016,ECO1CJ101,2025-03-24T18:40:20.098+00,2025-03-24T18:40:20.098+00,true
THAPSMT016,MAT1MN101,2025-03-24T18:40:20.098+00,2025-03-24T18:40:20.098+00,true
THAPSMT016,BCA1FM105,2025-03-24T18:40:20.098+00,2025-03-24T18:40:20.098+00,true
THAPSMT017,ECO1CJ101,2025-03-24T18:40:20.098+00,2025-03-24T18:40:20.098+00,true
THAPSMT017,MAT1MN101,2025-03-24T18:40:20.098+00,2025-03-24T18:40:20.098+00,true
THAPSMT017,STA1FM105,2025-03-24T18:40:20.098+00,2025-03-24T18:40:20.098+00,true
THAPSMT018,ECO1CJ101,2025-03-24T18:40:20.098+00,2025-03-24T18:40:20.098+00,true
THAPSMT018,MAT1MN101,2025-03-24T18:40:20.098+00,2025-03-24T18:40:20.098+00,true
THAPSMT018,PHY1FM105,2025-03-24T18:40:20.098+00,2025-03-24T18:40:20.098+00,true
THAPSMT019,ECO1CJ101,2025-03-24T18:40:20.098+00,2025-03-24T18:40:20.098+00,true
THAPSMT019,MAT1MN101,2025-03-24T18:40:20.098+00,2025-03-24T18:40:20.098+00,true
THAPSMT019,CHE1FM105,2025-03-24T18:40:20.098+00,2025-03-24T18:40:20.098+00,true
THAPSMT020,ECO1CJ101,2025-03-24T18:40:20.098+00,2025-03-24T18:40:20.098+00,true
THAPSMT020,MAT1MN101,2025-03-24T18:40:20.098+00,2025-03-24T18:40:20.098+00,true
THAPSMT020,ELE1FM105,2025-03-24T18:40:20.098+00,2025-03-24T18:40:20.098+00,true
THAPSMT021,ECO1CJ101,2025-03-24T18:40:20.098+00,2025-03-24T18:40:20.098+00,true
THAPSMT021,MAT1MN101,2025-03-24T18:40:20.098+00,2025-03-24T18:40:20.098+00,true
THAPSMT021,CSC1FM105,2025-03-24T18:40:20.098+00,2025-03-24T18:40:20.098+00,true
THAPSMT022,ECO1CJ101,2025-03-24T18:40:20.098+00,2025-03-24T18:40:20.098+00,true
THAPSMT022,MAT1MN101,2025-03-24T18:40:20.098+00,2025-03-24T18:40:20.098+00,true
THAPSMT022,MAT1FM105,2025-03-24T18:40:20.098+00,2025-03-24T18:40:20.098+00,true
THAPSMT023,ECO1CJ101,2025-03-24T18:40:20.098+00,2025-03-24T18:40:20.098+00,true
THAPSMT023,MAT1MN101,2025-03-24T18:40:20.098+00,2025-03-24T18:40:20.098+00,true
THAPSMT023,ECO1FM105,2025-03-24T18:40:20.098+00,2025-03-24T18:40:20.098+00,true
THAPSMT024,ECO1CJ101,2025-03-24T18:40:20.098+00,2025-03-24T18:40:20.098+00,true
THAPSMT024,MAT1MN101,2025-03-24T18:40:20.098+00,2025-03-24T18:40:20.098+00,true
THAPSMT024,BCA1FM105,2025-03-24T18:40:20.098+00,2025-03-24T18:40:20.098+00,true
THAPSMT025,ECO1CJ101,2025-03-24T18:40:20.098+00,2025-03-24T18:40:20.098+00,true
THAPSMT025,MAT1MN101,2025-03-24T18:40:20.098+00,2025-03-24T18:40:20.098+00,true
THAPSMT025,STA1FM105,2025-03-24T18:40:20.098+00,2025-03-24T18:40:20.098+00,true
THAPSMT026,ECO1CJ101,2025-03-24T18:40:20.098+00,2025-03-24T18:40:20.098+00,true
THAPSMT026,STA1MN101,2025-03-24T18:40:20.098+00,2025-03-24T18:40:20.098+00,true
THAPSMT026,PHY1FM105,2025-03-24T18:40:20.098+00,2025-03-24T18:40:20.098+00,true
THAPSMT027,ECO1CJ101,2025-03-24T18:40:20.098+00,2025-03-24T18:40:20.098+00,true
THAPSMT027,STA1MN101,2025-03-24T18:40:20.098+00,2025-03-24T18:40:20.098+00,true
THAPSMT027,CHE1FM105,2025-03-24T18:40:20.098+00,2025-03-24T18:40:20.098+00,true
THAPSMT028,ECO1CJ101,2025-03-24T18:40:20.098+00,2025-03-24T18:40:20.098+00,true
THAPSMT028,STA1MN101,2025-03-24T18:40:20.098+00,2025-03-24T18:40:20.098+00,true
THAPSMT028,ELE1FM105,2025-03-24T18:40:20.098+00,2025-03-24T18:40:20.098+00,true
THAPSMT029,ECO1CJ101,2025-03-24T18:40:20.098+00,2025-03-24T18:40:20.098+00,true
THAPSMT029,STA1MN101,2025-03-24T18:40:20.098+00,2025-03-24T18:40:20.098+00,true
THAPSMT029,CSC1FM105,2025-03-24T18:40:20.098+00,2025-03-24T18:40:20.098+00,true
THAPSMT030,ECO1CJ101,2025-03-24T18:40:20.098+00,2025-03-24T18:40:20.098+00,true
THAPSMT030,STA1MN101,2025-03-24T18:40:20.098+00,2025-03-24T18:40:20.098+00,true
THAPSMT030,MAT1FM105,2025-03-24T18:40:20.098+00,2025-03-24T18:40:20.098+00,true
THAPSMT031,ECO1CJ101,2025-03-24T18:40:20.098+00,2025-03-24T18:40:20.098+00,true
THAPSMT031,STA1MN101,2025-03-24T18:40:20.098+00,2025-03-24T18:40:20.098+00,true
THAPSMT031,ECO1FM105,2025-03-24T18:40:20.098+00,2025-03-24T18:40:20.098+00,true
THAPSMT032,ECO1CJ101,2025-03-24T18:40:20.098+00,2025-03-24T18:40:20.098+00,true
THAPSMT032,STA1MN101,2025-03-24T18:40:20.098+00,2025-03-24T18:40:20.098+00,true
THAPSMT032,BCA1FM105,2025-03-24T18:40:20.098+00,2025-03-24T18:40:20.098+00,true
THAPSMT033,ECO1CJ101,2025-03-24T18:40:20.098+00,2025-03-24T18:40:20.098+00,true
THAPSMT033,STA1MN101,2025-03-24T18:40:20.098+00,2025-03-24T18:40:20.098+00,true
THAPSMT033,STA1FM105,2025-03-24T18:40:20.098+00,2025-03-24T18:40:20.098+00,true
THAPSMT034,ECO1CJ101,2025-03-24T18:40:20.098+00,2025-03-24T18:40:20.098+00,true
THAPSMT034,STA1MN101,2025-03-24T18:40:20.098+00,2025-03-24T18:40:20.098+00,true
THAPSMT034,PHY1FM105,2025-03-24T18:40:20.098+00,2025-03-24T18:40:20.098+00,true
THAPSMT035,ECO1CJ101,2025-03-24T18:40:20.098+00,2025-03-24T18:40:20.098+00,true
THAPSMT035,STA1MN101,2025-03-24T18:40:20.098+00,2025-03-24T18:40:20.098+00,true
THAPSMT035,CHE1FM105,2025-03-24T18:40:20.098+00,2025-03-24T18:40:20.098+00,true
THAPSMT037,ECO1CJ101,2025-03-24T18:40:20.098+00,2025-03-24T18:40:20.098+00,true
THAPSMT037,STA1MN101,2025-03-24T18:40:20.098+00,2025-03-24T18:40:20.098+00,true
THAPSMT037,ELE1FM105,2025-03-24T18:40:20.098+00,2025-03-24T18:40:20.098+00,true
THAPSMT038,ECO1CJ101,2025-03-24T18:40:20.098+00,2025-03-24T18:40:20.098+00,true
THAPSMT038,STA1MN101,2025-03-24T18:40:20.098+00,2025-03-24T18:40:20.098+00,true
THAPSMT038,CSC1FM105,2025-03-24T18:40:20.098+00,2025-03-24T18:40:20.098+00,true
THAPSMT040,ECO1CJ101,2025-03-24T18:40:20.098+00,2025-03-24T18:40:20.098+00,true
THAPSMT040,STA1MN101,2025-03-24T18:40:20.098+00,2025-03-24T18:40:20.098+00,true
THAPSMT040,MAT1FM105,2025-03-24T18:40:20.098+00,2025-03-24T18:40:20.098+00,true
THAPSMT041,ECO1CJ101,2025-03-24T18:40:20.098+00,2025-03-24T18:40:20.098+00,true
THAPSMT041,STA1MN101,2025-03-24T18:40:20.098+00,2025-03-24T18:40:20.098+00,true
THAPSMT041,ECO1FM105,2025-03-24T18:40:20.098+00,2025-03-24T18:40:20.098+00,true
THAPSMT042,ECO1CJ101,2025-03-24T18:40:20.098+00,2025-03-24T18:40:20.098+00,true
THAPSMT042,STA1MN101,2025-03-24T18:40:20.098+00,2025-03-24T18:40:20.098+00,true
THAPSMT042,BCA1FM105,2025-03-24T18:40:20.098+00,2025-03-24T18:40:20.098+00,true
THAPSMT043,ECO1CJ101,2025-03-24T18:40:20.098+00,2025-03-24T18:40:20.098+00,true
THAPSMT043,STA1MN101,2025-03-24T18:40:20.098+00,2025-03-24T18:40:20.098+00,true
THAPSMT043,STA1FM105,2025-03-24T18:40:20.098+00,2025-03-24T18:40:20.098+00,true
THAPSMT044,ECO1CJ101,2025-03-24T18:40:20.098+00,2025-03-24T18:40:20.098+00,true
THAPSMT044,STA1MN101,2025-03-24T18:40:20.098+00,2025-03-24T18:40:20.098+00,true
THAPSMT044,PHY1FM105,2025-03-24T18:40:20.098+00,2025-03-24T18:40:20.098+00,false
THAPSMT045,ECO1CJ101,2025-03-24T18:40:20.098+00,2025-03-24T18:40:20.098+00,true
THAPSMT045,STA1MN101,2025-03-24T18:40:20.098+00,2025-03-24T18:40:20.098+00,true
THAPSMT045,CHE1FM105,2025-03-24T18:40:20.098+00,2025-03-24T18:40:20.098+00,true
THAPSMT046,ECO1CJ101,2025-03-24T18:40:20.098+00,2025-03-24T18:40:20.098+00,true
THAPSMT046,STA1MN101,2025-03-24T18:40:20.098+00,2025-03-24T18:40:20.098+00,true
THAPSMT046,ELE1FM105,2025-03-24T18:40:20.098+00,2025-03-24T18:40:20.098+00,true
THAPSMT047,ECO1CJ101,2025-03-24T18:40:20.098+00,2025-03-24T18:40:20.098+00,true
THAPSMT047,STA1MN101,2025-03-24T18:40:20.098+00,2025-03-24T18:40:20.098+00,true
THAPSMT047,CSC1FM105,2025-03-24T18:40:20.098+00,2025-03-24T18:40:20.098+00,true
THAPSMT048,ECO1CJ101,2025-03-24T18:40:20.098+00,2025-03-24T18:40:20.098+00,true
THAPSMT048,STA1MN101,2025-03-24T18:40:20.098+00,2025-03-24T18:40:20.098+00,true
THAPSMT048,MAT1FM105,2025-03-24T18:40:20.098+00,2025-03-24T18:40:20.098+00,true
THAPSMT049,ECO1CJ101,2025-03-24T18:40:20.098+00,2025-03-24T18:40:20.098+00,true
THAPSMT049,STA1MN101,2025-03-24T18:40:20.098+00,2025-03-24T18:40:20.098+00,true
THAPSMT049,ECO1FM105,2025-03-24T18:40:20.098+00,2025-03-24T18:40:20.098+00,true
THAPSMT050,ECO1CJ101,2025-03-24T18:40:20.098+00,2025-03-24T18:40:20.098+00,true
THAPSMT050,STA1MN101,2025-03-24T18:40:20.098+00,2025-03-24T18:40:20.098+00,true
THAPSMT050,BCA1FM105,2025-03-24T18:40:20.098+00,2025-03-24T18:40:20.098+00,true
THAPSMT051,BCA1CJ103,2025-03-24T18:40:20.098+00,2025-03-24T18:40:20.098+00,true
THAPSMT051,ELE1MN101,2025-03-24T18:40:20.098+00,2025-03-24T18:40:20.098+00,true
THAPSMT051,PHY1FM105,2025-03-24T18:40:20.098+00,2025-03-24T18:40:20.098+00,true
THAPSMT052,BCA1CJ103,2025-03-24T18:40:20.098+00,2025-03-24T18:40:20.098+00,true
THAPSMT052,ELE1MN101,2025-03-24T18:40:20.098+00,2025-03-24T18:40:20.098+00,true
THAPSMT052,CHE1FM105,2025-03-24T18:40:20.098+00,2025-03-24T18:40:20.098+00,true
THAPSMT053,BCA1CJ103,2025-03-24T18:40:20.098+00,2025-03-24T18:40:20.098+00,true
THAPSMT053,ELE1MN101,2025-03-24T18:40:20.098+00,2025-03-24T18:40:20.098+00,true
THAPSMT053,ELE1FM105,2025-03-24T18:40:20.098+00,2025-03-24T18:40:20.098+00,true
THAPSMT055,BCA1CJ103,2025-03-24T18:40:20.098+00,2025-03-24T18:40:20.098+00,true
THAPSMT055,ELE1MN101,2025-03-24T18:40:20.098+00,2025-03-24T18:40:20.098+00,true
THAPSMT055,CSC1FM105,2025-03-24T18:40:20.098+00,2025-03-24T18:40:20.098+00,true
THAPSMT057,BCA1CJ103,2025-03-24T18:40:20.098+00,2025-03-24T18:40:20.098+00,true
THAPSMT057,ELE1MN101,2025-03-24T18:40:20.098+00,2025-03-24T18:40:20.098+00,true
THAPSMT057,MAT1FM105,2025-03-24T18:40:20.098+00,2025-03-24T18:40:20.098+00,true
THAPSMT058,BCA1CJ103,2025-03-24T18:40:20.098+00,2025-03-24T18:40:20.098+00,true
THAPSMT058,ELE1MN101,2025-03-24T18:40:20.098+00,2025-03-24T18:40:20.098+00,true
THAPSMT058,ECO1FM105,2025-03-24T18:40:20.098+00,2025-03-24T18:40:20.098+00,true
THAPSMT059,BCA1CJ103,2025-03-24T18:40:20.098+00,2025-03-24T18:40:20.098+00,true
THAPSMT059,ELE1MN101,2025-03-24T18:40:20.098+00,2025-03-24T18:40:20.098+00,true
THAPSMT059,STA1FM105,2025-03-24T18:40:20.098+00,2025-03-24T18:40:20.098+00,true
THAPSMT060,BCA1CJ103,2025-03-24T18:40:20.098+00,2025-03-24T18:40:20.098+00,true
THAPSMT060,ELE1MN101,2025-03-24T18:40:20.098+00,2025-03-24T18:40:20.098+00,true
THAPSMT060,PHY1FM105,2025-03-24T18:40:20.098+00,2025-03-24T18:40:20.098+00,true
THAPSMT062,BCA1CJ103,2025-03-24T18:40:20.098+00,2025-03-24T18:40:20.098+00,true
THAPSMT062,ELE1MN101,2025-03-24T18:40:20.098+00,2025-03-24T18:40:20.098+00,true
THAPSMT062,CHE1FM105,2025-03-24T18:40:20.098+00,2025-03-24T18:40:20.098+00,true
THAPSMT063,BCA1CJ103,2025-03-24T18:40:20.098+00,2025-03-24T18:40:20.098+00,true
THAPSMT063,ELE1MN101,2025-03-24T18:40:20.098+00,2025-03-24T18:40:20.098+00,true
THAPSMT063,ELE1FM105,2025-03-24T18:40:20.098+00,2025-03-24T18:40:20.098+00,true
THAPSMT064,BCA1CJ103,2025-03-24T18:40:20.098+00,2025-03-24T18:40:20.098+00,true
THAPSMT064,ELE1MN101,2025-03-24T18:40:20.098+00,2025-03-24T18:40:20.098+00,true
THAPSMT064,CSC1FM105,2025-03-24T18:40:20.098+00,2025-03-24T18:40:20.098+00,true
THAPSMT065,BCA1CJ103,2025-03-24T18:40:20.098+00,2025-03-24T18:40:20.098+00,true
THAPSMT065,ELE1MN101,2025-03-24T18:40:20.098+00,2025-03-24T18:40:20.098+00,true
THAPSMT065,MAT1FM105,2025-03-24T18:40:20.098+00,2025-03-24T18:40:20.098+00,true
THAPSMT066,BCA1CJ103,2025-03-24T18:40:20.098+00,2025-03-24T18:40:20.098+00,true
THAPSMT066,ELE1MN101,2025-03-24T18:40:20.098+00,2025-03-24T18:40:20.098+00,true
THAPSMT066,ECO1FM105,2025-03-24T18:40:20.098+00,2025-03-24T18:40:20.098+00,true
THAPSMT067,BCA1CJ103,2025-03-24T18:40:20.098+00,2025-03-24T18:40:20.098+00,true
THAPSMT067,ELE1MN101,2025-03-24T18:40:20.098+00,2025-03-24T18:40:20.098+00,true
THAPSMT067,BCA1FM105,2025-03-24T18:40:20.098+00,2025-03-24T18:40:20.098+00,true
THAPSMT068,BCA1CJ103,2025-03-24T18:40:20.098+00,2025-03-24T18:40:20.098+00,true
THAPSMT068,ELE1MN101,2025-03-24T18:40:20.098+00,2025-03-24T18:40:20.098+00,true
THAPSMT068,STA1FM105,2025-03-24T18:40:20.098+00,2025-03-24T18:40:20.098+00,true
THAPSMT069,BCA1CJ103,2025-03-24T18:40:20.098+00,2025-03-24T18:40:20.098+00,true
THAPSMT069,ELE1MN101,2025-03-24T18:40:20.098+00,2025-03-24T18:40:20.098+00,true
THAPSMT069,PHY1FM105,2025-03-24T18:40:20.098+00,2025-03-24T18:40:20.098+00,true
THAPSMT070,BCA1CJ103,2025-03-24T18:40:20.098+00,2025-03-24T18:40:20.098+00,true
THAPSMT070,ELE1MN101,2025-03-24T18:40:20.098+00,2025-03-24T18:40:20.098+00,true
THAPSMT070,CHE1FM105,2025-03-24T18:40:20.098+00,2025-03-24T18:40:20.098+00,true
THAPSMT071,BCA1CJ103,2025-03-24T18:40:20.098+00,2025-03-24T18:40:20.098+00,true
THAPSMT071,ELE1MN101,2025-03-24T18:40:20.098+00,2025-03-24T18:40:20.098+00,true
THAPSMT071,ELE1FM105,2025-03-24T18:40:20.098+00,2025-03-24T18:40:20.098+00,true
THAPSMT072,BCA1CJ103,2025-03-24T18:40:20.098+00,2025-03-24T18:40:20.098+00,true
THAPSMT072,ELE1MN101,2025-03-24T18:40:20.098+00,2025-03-24T18:40:20.098+00,true
THAPSMT072,CSC1FM105,2025-03-24T18:40:20.098+00,2025-03-24T18:40:20.098+00,true
THAPSMT073,BCA1CJ103,2025-03-24T18:40:20.098+00,2025-03-24T18:40:20.098+00,true
THAPSMT073,ELE1MN101,2025-03-24T18:40:20.098+00,2025-03-24T18:40:20.098+00,true
THAPSMT073,MAT1FM105,2025-03-24T18:40:20.098+00,2025-03-24T18:40:20.098+00,true
THAPSMT074,BCA1CJ103,2025-03-24T18:40:20.098+00,2025-03-24T18:40:20.098+00,true
THAPSMT074,ELE1MN101,2025-03-24T18:40:20.098+00,2025-03-24T18:40:20.098+00,true
THAPSMT074,ECO1FM105,2025-03-24T18:40:20.098+00,2025-03-24T18:40:20.098+00,false
THAPSMT075,BCA1CJ103,2025-03-24T18:40:20.098+00,2025-03-24T18:40:20.098+00,true
THAPSMT075,ELE1MN101,2025-03-24T18:40:20.098+00,2025-03-24T18:40:20.098+00,true
THAPSMT075,BCA1FM105,2025-03-24T18:40:20.098+00,2025-03-24T18:40:20.098+00,true
THAPSMT076,BCA1CJ103,2025-03-24T18:40:20.098+00,2025-03-24T18:40:20.098+00,true
THAPSMT076,ELE1MN101,2025-03-24T18:40:20.098+00,2025-03-24T18:40:20.098+00,true
THAPSMT076,STA1FM105,2025-03-24T18:40:20.098+00,2025-03-24T18:40:20.098+00,true
THAPSMT077,BCA1CJ103,2025-03-24T18:40:20.098+00,2025-03-24T18:40:20.098+00,true
THAPSMT077,CHE1MN101,2025-03-24T18:40:20.098+00,2025-03-24T18:40:20.098+00,true
THAPSMT077,PHY1FM105,2025-03-24T18:40:20.098+00,2025-03-24T18:40:20.098+00,true
THAPSMT079,BCA1CJ103,2025-03-24T18:40:20.098+00,2025-03-24T18:40:20.098+00,true
THAPSMT079,CHE1MN101,2025-03-24T18:40:20.098+00,2025-03-24T18:40:20.098+00,true
THAPSMT079,CHE1FM105,2025-03-24T18:40:20.098+00,2025-03-24T18:40:20.098+00,true
THAPSMT080,BCA1CJ103,2025-03-24T18:40:20.098+00,2025-03-24T18:40:20.098+00,true
THAPSMT080,CHE1MN101,2025-03-24T18:40:20.098+00,2025-03-24T18:40:20.098+00,true
THAPSMT080,ELE1FM105,2025-03-24T18:40:20.098+00,2025-03-24T18:40:20.098+00,true
THAPSMT081,BCA1CJ103,2025-03-24T18:40:20.098+00,2025-03-24T18:40:20.098+00,true
THAPSMT081,CHE1MN101,2025-03-24T18:40:20.098+00,2025-03-24T18:40:20.098+00,true
THAPSMT081,CSC1FM105,2025-03-24T18:40:20.098+00,2025-03-24T18:40:20.098+00,true
THAPSMT082,BCA1CJ103,2025-03-24T18:40:20.098+00,2025-03-24T18:40:20.098+00,true
THAPSMT082,CHE1MN101,2025-03-24T18:40:20.098+00,2025-03-24T18:40:20.098+00,true
THAPSMT082,MAT1FM105,2025-03-24T18:40:20.098+00,2025-03-24T18:40:20.098+00,true
THAPSMT083,BCA1CJ103,2025-03-24T18:40:20.098+00,2025-03-24T18:40:20.098+00,true
THAPSMT083,CHE1MN101,2025-03-24T18:40:20.098+00,2025-03-24T18:40:20.098+00,true
THAPSMT083,ECO1FM105,2025-03-24T18:40:20.098+00,2025-03-24T18:40:20.098+00,true
THAPSMT084,BCA1CJ103,2025-03-24T18:40:20.098+00,2025-03-24T18:40:20.098+00,true
THAPSMT084,CHE1MN101,2025-03-24T18:40:20.098+00,2025-03-24T18:40:20.098+00,true
THAPSMT084,BCA1FM105,2025-03-24T18:40:20.098+00,2025-03-24T18:40:20.098+00,true
THAPSMT085,BCA1CJ103,2025-03-24T18:40:20.098+00,2025-03-24T18:40:20.098+00,true
THAPSMT085,CHE1MN101,2025-03-24T18:40:20.098+00,2025-03-24T18:40:20.098+00,true
THAPSMT085,STA1FM105,2025-03-24T18:40:20.098+00,2025-03-24T18:40:20.098+00,true
THAPSMT086,BCA1CJ103,2025-03-24T18:40:20.098+00,2025-03-24T18:40:20.098+00,true
THAPSMT086,CHE1MN101,2025-03-24T18:40:20.098+00,2025-03-24T18:40:20.098+00,true
THAPSMT086,PHY1FM105,2025-03-24T18:40:20.098+00,2025-03-24T18:40:20.098+00,true
THAPSMT087,BCA1CJ103,2025-03-24T18:40:20.098+00,2025-03-24T18:40:20.098+00,true
THAPSMT087,CHE1MN101,2025-03-24T18:40:20.098+00,2025-03-24T18:40:20.098+00,true
THAPSMT087,CHE1FM105,2025-03-24T18:40:20.098+00,2025-03-24T18:40:20.098+00,true
THAPSMT088,BCA1CJ103,2025-03-24T18:40:20.098+00,2025-03-24T18:40:20.098+00,true
THAPSMT088,CHE1MN101,2025-03-24T18:40:20.098+00,2025-03-24T18:40:20.098+00,true
THAPSMT088,ELE1FM105,2025-03-24T18:40:20.098+00,2025-03-24T18:40:20.098+00,true
THAPSMT089,BCA1CJ103,2025-03-24T18:40:20.098+00,2025-03-24T18:40:20.098+00,true
THAPSMT089,CHE1MN101,2025-03-24T18:40:20.098+00,2025-03-24T18:40:20.098+00,true
THAPSMT089,CSC1FM105,2025-03-24T18:40:20.098+00,2025-03-24T18:40:20.098+00,true
THAPSMT090,BCA1CJ103,2025-03-24T18:40:20.098+00,2025-03-24T18:40:20.098+00,true
THAPSMT090,CHE1MN101,2025-03-24T18:40:20.098+00,2025-03-24T18:40:20.098+00,true
THAPSMT090,MAT1FM105,2025-03-24T18:40:20.098+00,2025-03-24T18:40:20.098+00,true
THAPSMT091,BCA1CJ103,2025-03-24T18:40:20.098+00,2025-03-24T18:40:20.098+00,true
THAPSMT091,CHE1MN101,2025-03-24T18:40:20.098+00,2025-03-24T18:40:20.098+00,true
THAPSMT091,ECO1FM105,2025-03-24T18:40:20.098+00,2025-03-24T18:40:20.098+00,true
THAPSMT092,BCA1CJ103,2025-03-24T18:40:20.098+00,2025-03-24T18:40:20.098+00,true
THAPSMT092,CHE1MN101,2025-03-24T18:40:20.098+00,2025-03-24T18:40:20.098+00,true
THAPSMT092,BCA1FM105,2025-03-24T18:40:20.098+00,2025-03-24T18:40:20.098+00,true
THAPSMT093,BCA1CJ103,2025-03-24T18:40:20.098+00,2025-03-24T18:40:20.098+00,true
THAPSMT093,CHE1MN101,2025-03-24T18:40:20.098+00,2025-03-24T18:40:20.098+00,true
THAPSMT093,STA1FM105,2025-03-24T18:40:20.098+00,2025-03-24T18:40:20.098+00,true
THAPSMT094,BCA1CJ103,2025-03-24T18:40:20.098+00,2025-03-24T18:40:20.098+00,true
THAPSMT094,CHE1MN101,2025-03-24T18:40:20.098+00,2025-03-24T18:40:20.098+00,true
THAPSMT094,PHY1FM105,2025-03-24T18:40:20.098+00,2025-03-24T18:40:20.098+00,true
THAPSMT095,BCA1CJ103,2025-03-24T18:40:20.098+00,2025-03-24T18:40:20.098+00,true
THAPSMT095,CHE1MN101,2025-03-24T18:40:20.098+00,2025-03-24T18:40:20.098+00,true
THAPSMT095,CHE1FM105,2025-03-24T18:40:20.098+00,2025-03-24T18:40:20.098+00,true
THAPSMT096,BCA1CJ103,2025-03-24T18:40:20.098+00,2025-03-24T18:40:20.098+00,true
THAPSMT096,CHE1MN101,2025-03-24T18:40:20.098+00,2025-03-24T18:40:20.098+00,true
THAPSMT096,ELE1FM105,2025-03-24T18:40:20.098+00,2025-03-24T18:40:20.098+00,true
THAPSMT097,BCA1CJ103,2025-03-24T18:40:20.098+00,2025-03-24T18:40:20.098+00,true
THAPSMT097,CHE1MN101,2025-03-24T18:40:20.098+00,2025-03-24T18:40:20.098+00,true
THAPSMT097,CSC1FM105,2025-03-24T18:40:20.098+00,2025-03-24T18:40:20.098+00,true
THAPSMT098,BCA1CJ103,2025-03-24T18:40:20.098+00,2025-03-24T18:40:20.098+00,true
THAPSMT098,CHE1MN101,2025-03-24T18:40:20.098+00,2025-03-24T18:40:20.098+00,true
THAPSMT098,MAT1FM105,2025-03-24T18:40:20.098+00,2025-03-24T18:40:20.098+00,true
THAPSMT099,BCA1CJ103,2025-03-24T18:40:20.098+00,2025-03-24T18:40:20.098+00,true
THAPSMT099,CHE1MN101,2025-03-24T18:40:20.098+00,2025-03-24T18:40:20.098+00,true
THAPSMT099,ECO1FM105,2025-03-24T18:40:20.098+00,2025-03-24T18:40:20.098+00,true
THAPSMT100,BCA1CJ103,2025-03-24T18:40:20.098+00,2025-03-24T18:40:20.098+00,true
THAPSMT100,CHE1MN101,2025-03-24T18:40:20.098+00,2025-03-24T18:40:20.098+00,true
THAPSMT100,BCA1FM105,2025-03-24T18:40:20.098+00,2025-03-24T18:40:20.098+00,true
